<code_scheme name="Flutter" version="173">
  <option name="RIGHT_MARGIN" value="80" />
  <JavaCodeStyleSettings>
    <option name="IMPORT_LAYOUT_TABLE">
      <value>
        <package name="android" withSubpackages="true" static="false" />
        <emptyLine />
        <package name="com" withSubpackages="true" static="false" />
        <emptyLine />
        <package name="junit" withSubpackages="true" static="false" />
        <emptyLine />
        <package name="net" withSubpackages="true" static="false" />
        <emptyLine />
        <package name="org" withSubpackages="true" static="false" />
        <emptyLine />
        <package name="java" withSubpackages="true" static="false" />
        <emptyLine />
        <package name="javax" withSubpackages="true" static="false" />
        <emptyLine />
        <package name="" withSubpackages="true" static="false" />
        <emptyLine />
        <package name="" withSubpackages="true" static="true" />
        <emptyLine />
      </value>
    </option>
  </JavaCodeStyleSettings>
  <JetCodeStyleSettings>
    <option name="CODE_STYLE_DEFAULTS" value="KOTLIN_OFFICIAL" />
  </JetCodeStyleSettings>
  <MarkdownNavigatorCodeStyleSettings>
    <option name="RIGHT_MARGIN" value="72" />
  </MarkdownNavigatorCodeStyleSettings>
  <codeStyleSettings language="XML">
    <indentOptions>
      <option name="CONTINUATION_INDENT_SIZE" value="4" />
    </indentOptions>
    <arrangement>
      <rules>
        <section>
          <rule>
            <match>
              <AND>
                <NAME>xmlns:android</NAME>
                <XML_ATTRIBUTE />
                <XML_NAMESPACE>^$</XML_NAMESPACE>
              </AND>
            </match>
          </rule>
        </section>
        <section>
          <rule>
            <match>
              <AND>
                <NAME>xmlns:.*</NAME>
                <XML_ATTRIBUTE />
                <XML_NAMESPACE>^$</XML_NAMESPACE>
              </AND>
            </match>
            <order>BY_NAME</order>
          </rule>
        </section>
        <section>
          <rule>
            <match>
              <AND>
                <NAME>.*:id</NAME>
                <XML_ATTRIBUTE />
                <XML_NAMESPACE>http://schemas.android.com/apk/res/android</XML_NAMESPACE>
              </AND>
            </match>
          </rule>
        </section>
        <section>
          <rule>
            <match>
              <AND>
                <NAME>.*:name</NAME>
                <XML_ATTRIBUTE />
                <XML_NAMESPACE>http://schemas.android.com/apk/res/android</XML_NAMESPACE>
              </AND>
            </match>
          </rule>
        </section>
        <section>
          <rule>
            <match>
              <AND>
                <NAME>name</NAME>
                <XML_ATTRIBUTE />
                <XML_NAMESPACE>^$</XML_NAMESPACE>
              </AND>
            </match>
          </rule>
        </section>
        <section>
          <rule>
            <match>
              <AND>
                <NAME>style</NAME>
                <XML_ATTRIBUTE />
                <XML_NAMESPACE>^$</XML_NAMESPACE>
              </AND>
            </match>
          </rule>
        </section>
        <section>
          <rule>
            <match>
              <AND>
                <NAME>.*</NAME>
                <XML_ATTRIBUTE />
                <XML_NAMESPACE>^$</XML_NAMESPACE>
              </AND>
            </match>
            <order>BY_NAME</order>
          </rule>
        </section>
        <section>
          <rule>
            <match>
              <AND>
                <NAME>.*</NAME>
                <XML_ATTRIBUTE />
                <XML_NAMESPACE>http://schemas.android.com/apk/res/android</XML_NAMESPACE>
              </AND>
            </match>
            <order>ANDROID_ATTRIBUTE_ORDER</order>
          </rule>
        </section>
        <section>
          <rule>
            <match>
              <AND>
                <NAME>.*</NAME>
                <XML_ATTRIBUTE />
                <XML_NAMESPACE>.*</XML_NAMESPACE>
              </AND>
            </match>
            <order>BY_NAME</order>
          </rule>
        </section>
      </rules>
    </arrangement>
  </codeStyleSettings>
  <codeStyleSettings language="kotlin">
    <option name="CODE_STYLE_DEFAULTS" value="KOTLIN_OFFICIAL" />
  </codeStyleSettings>
</code_scheme>