<application>
  <component name="AndroidLogcatFilterHistory">
    <option name="mostRecentlyUsed" value="fatal" />
    <option name="nonFavorites">
      <list>
        <option value="BackgroundService" />
        <option value="fatal" />
        <option value="ShortServiceExecution" />
        <option value="LOCAL_BROADCAST_TEST" />
        <option value="SERVICE_RECEIVE_MESSAGE" />
        <option value="TESTING_BROADCAST" />
        <option value="TESTING_" />
        <option value="MY_SERVICE_LOG" />
        <option value="MY_SERVICE_TEST" />
        <option value="AO_REFRESH_TEST_SERVICE" />
        <option value="POST_RECYCLER_HOLDER" />
        <option value="CUSTOM_VIEW" />
        <option value="TESTING_THIS_THREAD" />
        <option value="TESTING_THESE_LOGS" />
        <option value="PRINT_TEST" />
        <option value="LOGGER_TEST" />
        <option value="TESTING_LOGGER" />
        <option value="TESTING_VIEW_MODEL" />
        <option value="COUNTER_VALUE" />
        <option value="StoreFeedViewModel" />
      </list>
    </option>
  </component>
</application>