<application>
  <component name="DesignSurface">
    <option name="filePathToZoomLevelMap">
      <map>
        <entry key="../../../../layout/custom_preview.xml" value="0.1" />
        <entry key="app/src/main/res/drawable-v24/roundedblue.xml" value="0.3003064351378958" />
        <entry key="app/src/main/res/drawable/accessibility_helper_toast_background.xml" value="0.15885416666666666" />
        <entry key="app/src/main/res/drawable/circlblue.xml" value="0.3003064351378958" />
        <entry key="app/src/main/res/drawable/ic_battery_vector.xml" value="0.3003064351378958" />
        <entry key="app/src/main/res/drawable/ic_hibernate.xml" value="0.3003064351378958" />
        <entry key="app/src/main/res/drawable/ic_proccesing.xml" value="0.3003064351378958" />
        <entry key="app/src/main/res/drawable/ic_ram.xml" value="0.3003064351378958" />
        <entry key="app/src/main/res/drawable/ic_right.xml" value="0.3003064351378958" />
        <entry key="app/src/main/res/drawable/roundedblue.xml" value="0.3003064351378958" />
        <entry key="app/src/main/res/drawable/roundedlighblue.xml" value="0.3003064351378958" />
        <entry key="app/src/main/res/drawable/usage_permission_not_given.xml" value="0.1" />
        <entry key="app/src/main/res/layout-hdpi/ram_booster.xml" value="0.15471311475409835" />
        <entry key="app/src/main/res/layout-mdpi/ram_booster.xml" value="0.1796116504854369" />
        <entry key="app/src/main/res/layout-xxhdpi/battery_widgets.xml" value="0.152" />
        <entry key="app/src/main/res/layout/activity_detail_app.xml" value="0.27853260869565216" />
        <entry key="app/src/main/res/layout/activity_hibernate_apps_list.xml" value="0.8" />
        <entry key="app/src/main/res/layout/activity_list.xml" value="0.27853260869565216" />
        <entry key="app/src/main/res/layout/activity_main.xml" value="0.2864583333333333" />
        <entry key="app/src/main/res/layout/activity_usage.xml" value="0.27853260869565216" />
        <entry key="app/src/main/res/layout/allow_usage_access.xml" value="0.2869791666666667" />
        <entry key="app/src/main/res/layout/custom_accessibility_helper_toast.xml" value="0.26927083333333335" />
        <entry key="app/src/main/res/layout/hibernated_app_item.xml" value="0.26927083333333335" />
        <entry key="app/src/main/res/layout/layout_single_detail_battery.xml" value="0.1" />
        <entry key="app/src/main/res/layout/layout_single_detailbattery.xml" value="0.15729166666666666" />
        <entry key="app/src/main/res/layout/layout_single_process.xml" value="0.27853260869565216" />
        <entry key="app/src/main/res/layout/layout_single_usage.xml" value="0.13958333333333334" />
        <entry key="app/src/main/res/layout/more_toolbar.xml" value="0.27853260869565216" />
        <entry key="app/src/main/res/layout/ram_booster.xml" value="0.8" />
        <entry key="app/src/main/res/layout/select_to_hibernate_app.xml" value="0.2869791666666667" />
        <entry key="app/src/main/res/xml/accessibility_service.xml" value="0.2869791666666667" />
        <entry key="res/drawable/accessibility_helper_toast_background.xml" value="0.11041666666666666" />
        <entry key="res/drawable/bg_hibernate_btn.xml" value="0.14583333333333334" />
        <entry key="res/drawable/ic_baseline_android_24.xml" value="0.14583333333333334" />
        <entry key="res/drawable/ic_hibernate_refresh.xml" value="0.14583333333333334" />
        <entry key="res/drawable/ic_hibernated_all_apps.xml" value="0.14583333333333334" />
        <entry key="res/drawable/ic_hide_apps_settings.xml" value="0.32395833333333335" />
        <entry key="res/drawable/ic_hide_apps_settings_white.xml" value="0.32395833333333335" />
        <entry key="res/drawable/ic_internet.xml" value="0.30625" />
        <entry key="res/drawable/roundedblue.xml" value="0.2916666666666667" />
        <entry key="res/drawable/transparent_button.xml" value="0.29375" />
        <entry key="res/drawable/usage_permission_not_given.xml" value="0.14583333333333334" />
        <entry key="res/layout/activity_edit_task.xml" value="0.14427083333333332" />
        <entry key="res/layout/activity_floating_menu_list.xml" value="0.3046875" />
        <entry key="res/layout/activity_hibernate_apps_list.xml" value="0.1" />
        <entry key="res/layout/activity_test_app.xml" value="0.27447916666666666" />
        <entry key="res/layout/activity_test_app_recommender.xml" value="0.27447916666666666" />
        <entry key="res/layout/activity_test_stats.xml" value="0.27447916666666666" />
        <entry key="res/layout/activity_touch_ball.xml" value="0.1" />
        <entry key="res/layout/allow_usage_access.xml" value="0.1265625" />
        <entry key="res/layout/appdetailusage.xml" value="0.13900100908173563" />
        <entry key="res/layout/batteryusage.xml" value="0.3046875" />
        <entry key="res/layout/content_test_stats.xml" value="0.27447916666666666" />
        <entry key="res/layout/custom_accessibility_helper_toast.xml" value="0.14427083333333332" />
        <entry key="res/layout/hibernated_app_item.xml" value="0.1265625" />
        <entry key="res/layout/item_recent_apps.xml" value="0.4" />
        <entry key="res/layout/item_recent_fav_app.xml" value="0.27447916666666666" />
        <entry key="res/layout/item_recommended_apps.xml" value="0.2921875" />
        <entry key="res/layout/layout_contact.xml" value="0.27447916666666666" />
        <entry key="res/layout/layout_single_detailbattery.xml" value="0.2869791666666667" />
        <entry key="res/layout/layout_single_proccess.xml" value="0.3046875" />
        <entry key="res/layout/layout_single_usage.xml" value="0.2869791666666667" />
        <entry key="res/layout/layout_touch_ball_menu.xml" value="0.3046875" />
        <entry key="res/layout/more_toolbar.xml" value="0.176" />
        <entry key="res/layout/news_feed.xml" value="0.27447916666666666" />
        <entry key="res/layout/optimize_screen.xml" value="0.10733695652173914" />
        <entry key="res/layout/processlist.xml" value="0.2869791666666667" />
        <entry key="res/layout/ram_booster.xml" value="0.1" />
        <entry key="res/layout/select_to_hibernate_app.xml" value="0.1265625" />
      </map>
    </option>
  </component>
</application>