<application>
  <component name="ProjectManager">
    <defaultProject>
      <component name="CMakeSettings">
        <configurations>
          <configuration PROFILE_NAME="Debug" CONFIG_NAME="Debug" />
        </configurations>
      </component>
      <component name="ProjectCodeStyleConfiguration">
        <code_scheme name="Project" version="173">
          <JetCodeStyleSettings>
            <option name="PACKAGES_TO_USE_STAR_IMPORTS">
              <value>
                <package name="java.util" alias="false" withSubpackages="false" />
                <package name="kotlinx.android.synthetic" alias="false" withSubpackages="true" />
                <package name="io.ktor" alias="false" withSubpackages="true" />
              </value>
            </option>
            <option name="PACKAGES_IMPORT_LAYOUT">
              <value>
                <package name="" alias="false" withSubpackages="true" />
                <package name="java" alias="false" withSubpackages="true" />
                <package name="javax" alias="false" withSubpackages="true" />
                <package name="kotlin" alias="false" withSubpackages="true" />
                <package name="" alias="true" withSubpackages="true" />
              </value>
            </option>
          </JetCodeStyleSettings>
          <codeStyleSettings language="XML">
            <arrangement>
              <rules>
                <section>
                  <rule>
                    <match>
                      <AND>
                        <NAME>xmlns:android</NAME>
                        <XML_ATTRIBUTE />
                        <XML_NAMESPACE>^$</XML_NAMESPACE>
                      </AND>
                    </match>
                  </rule>
                </section>
                <section>
                  <rule>
                    <match>
                      <AND>
                        <NAME>xmlns:.*</NAME>
                        <XML_ATTRIBUTE />
                        <XML_NAMESPACE>^$</XML_NAMESPACE>
                      </AND>
                    </match>
                    <order>BY_NAME</order>
                  </rule>
                </section>
                <section>
                  <rule>
                    <match>
                      <AND>
                        <NAME>.*:id</NAME>
                        <XML_ATTRIBUTE />
                        <XML_NAMESPACE>http://schemas.android.com/apk/res/android</XML_NAMESPACE>
                      </AND>
                    </match>
                  </rule>
                </section>
                <section>
                  <rule>
                    <match>
                      <AND>
                        <NAME>.*:name</NAME>
                        <XML_ATTRIBUTE />
                        <XML_NAMESPACE>http://schemas.android.com/apk/res/android</XML_NAMESPACE>
                      </AND>
                    </match>
                  </rule>
                </section>
                <section>
                  <rule>
                    <match>
                      <AND>
                        <NAME>name</NAME>
                        <XML_ATTRIBUTE />
                        <XML_NAMESPACE>^$</XML_NAMESPACE>
                      </AND>
                    </match>
                  </rule>
                </section>
                <section>
                  <rule>
                    <match>
                      <AND>
                        <NAME>style</NAME>
                        <XML_ATTRIBUTE />
                        <XML_NAMESPACE>^$</XML_NAMESPACE>
                      </AND>
                    </match>
                  </rule>
                </section>
                <section>
                  <rule>
                    <match>
                      <AND>
                        <NAME>.*</NAME>
                        <XML_ATTRIBUTE />
                        <XML_NAMESPACE>^$</XML_NAMESPACE>
                      </AND>
                    </match>
                    <order>BY_NAME</order>
                  </rule>
                </section>
                <section>
                  <rule>
                    <match>
                      <AND>
                        <NAME>.*</NAME>
                        <XML_ATTRIBUTE />
                        <XML_NAMESPACE>http://schemas.android.com/apk/res/android</XML_NAMESPACE>
                      </AND>
                    </match>
                    <order>ANDROID_ATTRIBUTE_ORDER</order>
                  </rule>
                </section>
                <section>
                  <rule>
                    <match>
                      <AND>
                        <NAME>.*</NAME>
                        <XML_ATTRIBUTE />
                        <XML_NAMESPACE>.*</XML_NAMESPACE>
                      </AND>
                    </match>
                    <order>BY_NAME</order>
                  </rule>
                </section>
              </rules>
            </arrangement>
          </codeStyleSettings>
        </code_scheme>
      </component>
      <component name="ProjectRootManager" version="2" languageLevel="JDK_1_3" />
      <component name="PropertiesComponent">
        <property name="android.sdk.path" value="$USER_HOME$/AppData/Local/Android/Sdk" />
        <property name="settings.editor.selected.configurable" value="preferences.updates" />
      </component>
      <component name="RunManager">
        <configuration default="true" type="Application" factoryName="Application">
          <extension name="coverage" enabled="false" merge="false" sample_coverage="true" runner="idea" />
          <option name="MAIN_CLASS_NAME" />
          <option name="VM_PARAMETERS" />
          <option name="PROGRAM_PARAMETERS" />
          <option name="WORKING_DIRECTORY" value="$PROJECT_DIR$" />
          <option name="ALTERNATIVE_JRE_PATH_ENABLED" value="false" />
          <option name="ALTERNATIVE_JRE_PATH" />
          <option name="ENABLE_SWING_INSPECTOR" value="false" />
          <option name="ENV_VARIABLES" />
          <option name="PASS_PARENT_ENVS" value="true" />
          <module name="" />
          <envs />
          <method />
        </configuration>
        <configuration default="true" type="JUnit" factoryName="JUnit">
          <extension name="coverage" enabled="false" merge="false" sample_coverage="true" runner="idea" />
          <module name="" />
          <option name="ALTERNATIVE_JRE_PATH_ENABLED" value="false" />
          <option name="ALTERNATIVE_JRE_PATH" />
          <option name="PACKAGE_NAME" />
          <option name="MAIN_CLASS_NAME" />
          <option name="METHOD_NAME" />
          <option name="TEST_OBJECT" value="class" />
          <option name="VM_PARAMETERS" value="-ea" />
          <option name="PARAMETERS" />
          <option name="WORKING_DIRECTORY" value="$MODULE_DIR$" />
          <option name="ENV_VARIABLES" />
          <option name="PASS_PARENT_ENVS" value="true" />
          <option name="TEST_SEARCH_SCOPE">
            <value defaultName="singleModule" />
          </option>
          <envs />
          <patterns />
          <method />
        </configuration>
        <configuration default="true" type="Remote" factoryName="Remote">
          <option name="USE_SOCKET_TRANSPORT" value="true" />
          <option name="SERVER_MODE" value="false" />
          <option name="SHMEM_ADDRESS" value="javadebug" />
          <option name="HOST" value="localhost" />
          <option name="PORT" value="5005" />
          <method />
        </configuration>
        <configuration default="true" type="TestNG" factoryName="TestNG">
          <extension name="coverage" enabled="false" merge="false" sample_coverage="true" runner="idea" />
          <module name="" />
          <option name="ALTERNATIVE_JRE_PATH_ENABLED" value="false" />
          <option name="ALTERNATIVE_JRE_PATH" />
          <option name="SUITE_NAME" />
          <option name="PACKAGE_NAME" />
          <option name="MAIN_CLASS_NAME" />
          <option name="METHOD_NAME" />
          <option name="GROUP_NAME" />
          <option name="TEST_OBJECT" value="CLASS" />
          <option name="VM_PARAMETERS" value="-ea" />
          <option name="PARAMETERS" />
          <option name="WORKING_DIRECTORY" value="$MODULE_DIR$" />
          <option name="OUTPUT_DIRECTORY" />
          <option name="ANNOTATION_TYPE" />
          <option name="ENV_VARIABLES" />
          <option name="PASS_PARENT_ENVS" value="true" />
          <option name="TEST_SEARCH_SCOPE">
            <value defaultName="singleModule" />
          </option>
          <option name="USE_DEFAULT_REPORTERS" value="false" />
          <option name="PROPERTIES_FILE" />
          <envs />
          <properties />
          <listeners />
          <method />
        </configuration>
        <configuration name="&lt;template&gt;" type="Applet" default="true" selected="false">
          <option name="MAIN_CLASS_NAME" />
          <option name="HTML_FILE_NAME" />
          <option name="HTML_USED" value="false" />
          <option name="WIDTH" value="400" />
          <option name="HEIGHT" value="300" />
          <option name="POLICY_FILE" value="$APPLICATION_HOME_DIR$/bin/appletviewer.policy" />
          <option name="VM_PARAMETERS" />
        </configuration>
        <configuration name="&lt;template&gt;" type="#org.jetbrains.idea.devkit.run.PluginConfigurationType" default="true" selected="false">
          <option name="VM_PARAMETERS" value="-Xmx512m -Xms256m -XX:MaxPermSize=250m -ea" />
        </configuration>
      </component>
      <component name="masterDetails">
        <states>
          <state key="ScopeChooserConfigurable.UI">
            <settings>
              <splitter-proportions>
                <option name="proportions">
                  <list>
                    <option value="0.2" />
                  </list>
                </option>
              </splitter-proportions>
            </settings>
          </state>
        </states>
      </component>
    </defaultProject>
  </component>
</application>