<application>
  <component name="UpdatesConfigurable">
    <ignoredBuildNumbers>
      <item value="platforms;android-30#2" />
      <item value="system-images;android-30;google_apis;x86#6" />
      <item value="platform-tools#30.0.4" />
      <item value="platforms;android-29#5" />
      <item value="system-images;android-30;google_apis;x86#7" />
      <item value="platforms;android-30#3" />
      <item value="emulator#30.1.5" />
      <item value="system-images;android-30;google_apis;x86#8" />
    </ignoredBuildNumbers>
    <option name="LAST_BUILD_CHECKED" value="IC-212.5457.46" />
    <option name="LAST_TIME_CHECKED" value="1642557747699" />
    <option name="THIRD_PARTY_PLUGINS_ALLOWED" value="true" />
  </component>
</application>