<keymap version="1" name="macOS copy" parent="Mac OS X 10.5+">
  <action id="ActivateAppInspectionToolWindow">
    <keyboard-shortcut first-keystroke="alt c" />
  </action>
  <action id="ActivateLogcatToolWindow">
    <keyboard-shortcut first-keystroke="alt d" />
  </action>
  <action id="ActivateTerminalToolWindow">
    <keyboard-shortcut first-keystroke="alt f12" />
    <keyboard-shortcut first-keystroke="alt x" />
  </action>
  <action id="Android.SyncProject">
    <keyboard-shortcut first-keystroke="shift meta o" />
    <keyboard-shortcut first-keystroke="shift alt s" />
  </action>
  <action id="Annotate">
    <keyboard-shortcut first-keystroke="ctrl a" />
  </action>
  <action id="Debugger.PopFrame">
    <keyboard-shortcut first-keystroke="ctrl z" />
  </action>
  <action id="EditorLineStart">
    <keyboard-shortcut first-keystroke="meta left" />
    <keyboard-shortcut first-keystroke="home" />
  </action>
  <action id="EditorTabsGroup">
    <keyboard-shortcut first-keystroke="shift meta w" />
  </action>
  <action id="EvaluateExpression">
    <keyboard-shortcut first-keystroke="alt f8" />
    <keyboard-shortcut first-keystroke="ctrl v" />
  </action>
  <action id="GotoNextError">
    <keyboard-shortcut first-keystroke="f2" />
    <keyboard-shortcut first-keystroke="meta e" />
  </action>
  <action id="GotoSymbol" />
  <action id="NavBar-selectHome">
    <keyboard-shortcut first-keystroke="meta left" />
    <keyboard-shortcut first-keystroke="home" />
  </action>
  <action id="NextTab">
    <keyboard-shortcut first-keystroke="ctrl right" />
    <keyboard-shortcut first-keystroke="ctrl meta alt right" />
    <keyboard-shortcut first-keystroke="ctrl alt close_bracket" />
  </action>
  <action id="PreviousTab">
    <keyboard-shortcut first-keystroke="ctrl left" />
    <keyboard-shortcut first-keystroke="ctrl meta alt left" />
    <keyboard-shortcut first-keystroke="ctrl alt open_bracket" />
  </action>
  <action id="RebuildGradleProject">
    <keyboard-shortcut first-keystroke="ctrl meta alt b" />
  </action>
  <action id="RecentFiles" />
  <action id="RecentProjectListGroup">
    <keyboard-shortcut first-keystroke="ctrl meta alt o" />
  </action>
  <action id="RenameElement">
    <keyboard-shortcut first-keystroke="shift f6" />
    <keyboard-shortcut first-keystroke="meta t" />
  </action>
  <action id="SelectInProjectView">
    <keyboard-shortcut first-keystroke="ctrl alt l" />
  </action>
  <action id="ShowExecutionPoint">
    <keyboard-shortcut first-keystroke="alt f10" />
    <keyboard-shortcut first-keystroke="ctrl c" />
  </action>
  <action id="StepInto">
    <keyboard-shortcut first-keystroke="f7" />
    <keyboard-shortcut first-keystroke="meta alt i" />
  </action>
  <action id="StepOver">
    <keyboard-shortcut first-keystroke="f8" />
    <keyboard-shortcut first-keystroke="meta alt o" />
  </action>
  <action id="SwitcherIterateItems" />
  <action id="SwitcherRecentEditedChangedToggleCheckBox" />
  <action id="Terminal.ClearPrompt" />
  <action id="Terminal.Escape" />
  <action id="Terminal.NewTab" />
  <action id="Terminal.SwitchFocusToEditor" />
  <action id="Vcs.RollbackChangedLines" />
  <action id="Vcs.UpdateProject" />
  <action id="android.deploy.ApplyChanges">
    <keyboard-shortcut first-keystroke="ctrl meta e" />
  </action>
  <action id="android.deploy.CodeSwap">
    <keyboard-shortcut first-keystroke="shift ctrl meta e" />
  </action>
  <action id="android.device.overview.button" />
  <action id="copilot.disposeInlays" />
</keymap>