<keymap version="1" name="Default copy" parent="$default">
  <action id="ActivateAndroidEmulatorToolWindow">
    <keyboard-shortcut first-keystroke="alt 2" />
  </action>
  <action id="ActivateCodotaToolWindow">
    <keyboard-shortcut first-keystroke="alt 4" />
  </action>
  <action id="ActivateFavoritesToolWindow" />
  <action id="ActivateFlutterInspectorToolWindow">
    <keyboard-shortcut first-keystroke="alt f" />
  </action>
  <action id="ActivateLogcatToolWindow">
    <keyboard-shortcut first-keystroke="alt 6" />
    <keyboard-shortcut first-keystroke="alt l" />
  </action>
  <action id="ActivateTODOToolWindow" />
  <action id="ActivateTerminalToolWindow">
    <keyboard-shortcut first-keystroke="alt f12" />
    <keyboard-shortcut first-keystroke="alt x" />
  </action>
  <action id="Android.BuildApk">
    <keyboard-shortcut first-keystroke="shift ctrl g" />
  </action>
  <action id="AndroidConnectDebuggerAction">
    <keyboard-shortcut first-keystroke="shift ctrl q" />
    <keyboard-shortcut first-keystroke="shift ctrl s" />
  </action>
  <action id="Annotate">
    <keyboard-shortcut first-keystroke="alt a" />
  </action>
  <action id="CloseContent">
    <keyboard-shortcut first-keystroke="ctrl f4" />
    <keyboard-shortcut first-keystroke="alt w" />
  </action>
  <action id="CompileDirty">
    <keyboard-shortcut first-keystroke="ctrl f9" />
    <keyboard-shortcut first-keystroke="alt q" />
  </action>
  <action id="ConsoleView.ClearAll">
    <keyboard-shortcut first-keystroke="alt e" />
  </action>
  <action id="Debug">
    <keyboard-shortcut first-keystroke="shift f9" />
    <keyboard-shortcut first-keystroke="alt c" />
  </action>
  <action id="EditorContextInfo" />
  <action id="EditorJoinLines" />
  <action id="EditorTabsGroup">
    <keyboard-shortcut first-keystroke="shift ctrl w" />
  </action>
  <action id="EditorToggleUseSoftWraps">
    <keyboard-shortcut first-keystroke="alt s" />
  </action>
  <action id="EditorUnSelectWord" />
  <action id="EvaluateExpression">
    <keyboard-shortcut first-keystroke="alt f8" />
    <keyboard-shortcut first-keystroke="alt v" />
  </action>
  <action id="ExportToTextFile" />
  <action id="ExpressionTypeInfo" />
  <action id="FlutterBeanFactory.GenerateDartBeanFileAction">
    <keyboard-shortcut first-keystroke="alt j" />
  </action>
  <action id="FlutterBeanFactory.ID">
    <keyboard-shortcut first-keystroke="shift ctrl j" />
  </action>
  <action id="Generate">
    <keyboard-shortcut first-keystroke="alt insert" />
    <keyboard-shortcut first-keystroke="alt g" />
  </action>
  <action id="GenerateCubitId">
    <keyboard-shortcut first-keystroke="alt semicolon" />
  </action>
  <action id="GenerateDartFileAction">
    <keyboard-shortcut first-keystroke="alt quote" />
  </action>
  <action id="GotoTest" />
  <action id="Images.ShowThumbnails" />
  <action id="NewDir">
    <keyboard-shortcut first-keystroke="alt n" />
  </action>
  <action id="NewFile">
    <keyboard-shortcut first-keystroke="alt m" />
  </action>
  <action id="RenameElement">
    <keyboard-shortcut first-keystroke="shift f6" />
    <keyboard-shortcut first-keystroke="alt t" />
  </action>
  <action id="ResourceExplorer.show" />
  <action id="Resume">
    <keyboard-shortcut first-keystroke="f9" />
    <keyboard-shortcut first-keystroke="alt p" />
  </action>
  <action id="RevealIn">
    <keyboard-shortcut first-keystroke="shift ctrl alt e" />
  </action>
  <action id="Run">
    <keyboard-shortcut first-keystroke="shift f10" />
    <keyboard-shortcut first-keystroke="alt d" />
  </action>
  <action id="RunAnything">
    <keyboard-shortcut first-keystroke="alt b" />
  </action>
  <action id="RunClass">
    <keyboard-shortcut first-keystroke="shift ctrl f10" />
    <keyboard-shortcut first-keystroke="alt period" />
  </action>
  <action id="RunDashboard.ShowConfigurations" />
  <action id="SelectNextOccurrence" />
  <action id="StepInto">
    <keyboard-shortcut first-keystroke="f7" />
    <keyboard-shortcut first-keystroke="alt i" />
  </action>
  <action id="StepOut">
    <keyboard-shortcut first-keystroke="shift f8" />
    <keyboard-shortcut first-keystroke="alt u" />
  </action>
  <action id="StepOver">
    <keyboard-shortcut first-keystroke="f8" />
    <keyboard-shortcut first-keystroke="alt o" />
  </action>
  <action id="Stop">
    <keyboard-shortcut first-keystroke="shift ctrl p" />
  </action>
  <action id="SurroundWith">
    <keyboard-shortcut first-keystroke="ctrl alt t" />
    <keyboard-shortcut first-keystroke="shift ctrl t" />
  </action>
  <action id="UpdateRunningApplication" />
  <action id="Vcs.ToggleAmendCommitMode" />
  <action id="android.deploy.ApplyChanges">
    <keyboard-shortcut first-keystroke="ctrl f10" />
    <keyboard-shortcut first-keystroke="alt r" />
  </action>
  <action id="android.deploy.CodeSwap">
    <keyboard-shortcut first-keystroke="ctrl alt f10" />
  </action>
  <action id="com.azoft.json2dart.JsonToDartAction.inNew">
    <keyboard-shortcut first-keystroke="alt semicolon" />
  </action>
  <action id="com.developerphil.adbidea.action.AdbIdeaQuickList">
    <keyboard-shortcut first-keystroke="shift ctrl alt a" />
    <keyboard-shortcut first-keystroke="shift ctrl x" />
  </action>
</keymap>