<application>
  <component name="AbbreviationManager">
    <abbreviations>
      <action id="com.dubreuia.core.action.ShortcutAction">
        <abbreviation name="sam" />
      </action>
      <action id="com.dubreuia.core.action.BatchAction" />
      <action id="Stop">
        <abbreviation name="s" />
      </action>
      <action id="ToggleLineBreakpoint">
        <abbreviation name="d" />
      </action>
      <action id="Resume">
        <abbreviation name="r" />
      </action>
    </abbreviations>
  </component>
</application>