<application>
  <component name="DesignSurface">
    <option name="filePathToZoomLevelMap">
      <map>
        <entry key="../../../../layout/custom_preview.xml" value="0.1" />
        <entry key="app/src/main/res/layout/activity_main.xml" value="0.1" />
        <entry key="res/drawable/ic_hide_apps_settings.xml" value="0.32395833333333335" />
        <entry key="res/drawable/ic_hide_apps_settings_white.xml" value="0.32395833333333335" />
        <entry key="res/layout/activity_floating_menu_list.xml" value="0.3046875" />
        <entry key="res/layout/activity_touch_ball.xml" value="0.1" />
        <entry key="res/layout/layout_touch_ball_menu.xml" value="0.3046875" />
      </map>
    </option>
  </component>
</application>