<application>
  <component name="FeatureSuggesterSettings">
    <option name="workingDays">
      <list>
        <option value="1652590613041" />
        <option value="1652658868308" />
        <option value="1652747290556" />
        <option value="1652834542320" />
        <option value="1652932220369" />
        <option value="1653006147295" />
        <option value="1653200742253" />
        <option value="1653281803050" />
        <option value="1653367056656" />
        <option value="1653451527614" />
        <option value="1653529351540" />
        <option value="1653614214985" />
      </list>
    </option>
  </component>
</application>