<application>
  <component name="FileTypeManager" version="18">
    <extensionMap>
      <mapping ext="klib" type="ARCHIVE" />
      <mapping ext="geojson" type="JSON" />
      <mapping ext="gradle.kts" type="Kotlin" />
      <mapping ext="main.kts" type="Kotlin" />
      <mapping pattern="test" type="PLAIN_TEXT" />
      <mapping ext="aidl  " type="PLAIN_TEXT" />
      <mapping ext="riv" type="PLAIN_TEXT" />
      <removed_mapping ext="apk" approved="true" type="ARCHIVE" />
      <removed_mapping ext="psd" approved="true" type="Image" />
    </extensionMap>
  </component>
</application>