<application>
  <component name="ProjectJdkTable">
    <jdk version="2">
      <name value="Kotlin SDK" />
      <type value="KotlinSDK" />
      <version value="1.2.30" />
      <homePath value="D:\Program Files\Android\Android Studio\plugins\Kotlin\kotlinc" />
      <roots>
        <annotationsPath>
          <root type="composite" />
        </annotationsPath>
        <classPath>
          <root type="composite" />
        </classPath>
        <javadocPath>
          <root type="composite" />
        </javadocPath>
        <sourcePath>
          <root type="composite" />
        </sourcePath>
      </roots>
      <additional />
    </jdk>
    <jdk version="2">
      <name value="1.8" />
      <type value="JavaSDK" />
      <version value="version 1.8.0_292" />
      <homePath value="/usr/lib/jvm/java-1.8.0-openjdk-amd64" />
      <roots>
        <annotationsPath>
          <root type="composite">
            <root url="jar://$APPLICATION_HOME_DIR$/plugins/java/lib/jdkAnnotations.jar!/" type="simple" />
          </root>
        </annotationsPath>
        <classPath>
          <root type="composite">
            <root url="jar:///usr/lib/jvm/java-1.8.0-openjdk-amd64/jre/lib/charsets.jar!/" type="simple" />
            <root url="jar:///usr/lib/jvm/java-1.8.0-openjdk-amd64/jre/lib/ext/cldrdata.jar!/" type="simple" />
            <root url="jar:///usr/lib/jvm/java-1.8.0-openjdk-amd64/jre/lib/ext/dnsns.jar!/" type="simple" />
            <root url="jar:///usr/lib/jvm/java-1.8.0-openjdk-amd64/jre/lib/ext/icedtea-sound.jar!/" type="simple" />
            <root url="jar:///usr/lib/jvm/java-1.8.0-openjdk-amd64/jre/lib/ext/jaccess.jar!/" type="simple" />
            <root url="jar:///usr/lib/jvm/java-1.8.0-openjdk-amd64/jre/lib/ext/java-atk-wrapper.jar!/" type="simple" />
            <root url="jar:///usr/lib/jvm/java-1.8.0-openjdk-amd64/jre/lib/ext/localedata.jar!/" type="simple" />
            <root url="jar:///usr/lib/jvm/java-1.8.0-openjdk-amd64/jre/lib/ext/nashorn.jar!/" type="simple" />
            <root url="jar:///usr/lib/jvm/java-1.8.0-openjdk-amd64/jre/lib/ext/sunec.jar!/" type="simple" />
            <root url="jar:///usr/lib/jvm/java-1.8.0-openjdk-amd64/jre/lib/ext/sunjce_provider.jar!/" type="simple" />
            <root url="jar:///usr/lib/jvm/java-1.8.0-openjdk-amd64/jre/lib/ext/sunpkcs11.jar!/" type="simple" />
            <root url="jar:///usr/lib/jvm/java-1.8.0-openjdk-amd64/jre/lib/ext/zipfs.jar!/" type="simple" />
            <root url="jar:///usr/lib/jvm/java-1.8.0-openjdk-amd64/jre/lib/jce.jar!/" type="simple" />
            <root url="jar:///usr/lib/jvm/java-1.8.0-openjdk-amd64/jre/lib/jfr.jar!/" type="simple" />
            <root url="jar:///usr/lib/jvm/java-1.8.0-openjdk-amd64/jre/lib/jsse.jar!/" type="simple" />
            <root url="jar:///usr/lib/jvm/java-1.8.0-openjdk-amd64/jre/lib/management-agent.jar!/" type="simple" />
            <root url="jar:///usr/lib/jvm/java-1.8.0-openjdk-amd64/jre/lib/resources.jar!/" type="simple" />
            <root url="jar:///usr/lib/jvm/java-1.8.0-openjdk-amd64/jre/lib/rt.jar!/" type="simple" />
          </root>
        </classPath>
        <javadocPath>
          <root type="composite" />
        </javadocPath>
        <sourcePath>
          <root type="composite" />
        </sourcePath>
      </roots>
      <additional />
    </jdk>
    <jdk version="2">
      <name value="Android API 29 Platform" />
      <type value="Android SDK" />
      <version value="java version &quot;1.8.0_242&quot;" />
      <homePath value="/mnt/win/android_linux/Sdk" />
      <roots>
        <annotationsPath>
          <root type="composite">
            <root url="jar:///mnt/win/android_linux/Sdk/platforms/android-29/data/annotations.zip!/" type="simple" />
          </root>
        </annotationsPath>
        <classPath>
          <root type="composite">
            <root url="jar:///mnt/win/android_linux/Sdk/platforms/android-29/android.jar!/" type="simple" />
            <root url="file:///mnt/win/android_linux/Sdk/platforms/android-29/data/res" type="simple" />
          </root>
        </classPath>
        <javadocPath>
          <root type="composite" />
        </javadocPath>
        <sourcePath>
          <root type="composite">
            <root url="file:///mnt/win/android_linux/Sdk/sources/android-29" type="simple" />
          </root>
        </sourcePath>
      </roots>
      <additional jdk="1.8" sdk="android-29" />
    </jdk>
    <jdk version="2">
      <name value="Android API 30 Platform" />
      <type value="Android SDK" />
      <version value="java version &quot;1.8.0_242&quot;" />
      <homePath value="/mnt/win/android_linux/Sdk" />
      <roots>
        <annotationsPath>
          <root type="composite">
            <root url="jar:///mnt/win/android_linux/Sdk/platforms/android-30/data/annotations.zip!/" type="simple" />
          </root>
        </annotationsPath>
        <classPath>
          <root type="composite">
            <root url="jar:///mnt/win/android_linux/Sdk/platforms/android-30/android.jar!/" type="simple" />
            <root url="file:///mnt/win/android_linux/Sdk/platforms/android-30/data/res" type="simple" />
          </root>
        </classPath>
        <javadocPath>
          <root type="composite" />
        </javadocPath>
        <sourcePath>
          <root type="composite">
            <root url="file:///mnt/win/android_linux/Sdk/sources/android-30" type="simple" />
          </root>
        </sourcePath>
      </roots>
      <additional jdk="1.8" sdk="android-30" />
    </jdk>
    <jdk version="2">
      <name value="Android API 28 Platform" />
      <type value="Android SDK" />
      <version value="java version &quot;1.8.0_242&quot;" />
      <homePath value="/mnt/win/android_linux/Sdk" />
      <roots>
        <annotationsPath>
          <root type="composite">
            <root url="jar:///mnt/win/android_linux/Sdk/platforms/android-28/data/annotations.zip!/" type="simple" />
          </root>
        </annotationsPath>
        <classPath>
          <root type="composite">
            <root url="jar:///mnt/win/android_linux/Sdk/platforms/android-28/android.jar!/" type="simple" />
            <root url="file:///mnt/win/android_linux/Sdk/platforms/android-28/data/res" type="simple" />
          </root>
        </classPath>
        <javadocPath>
          <root type="composite">
            <root url="http://developer.android.com/reference/" type="simple" />
          </root>
        </javadocPath>
        <sourcePath>
          <root type="composite" />
        </sourcePath>
      </roots>
      <additional jdk="1.8" sdk="android-28" />
    </jdk>
    <jdk version="2">
      <name value="11" />
      <type value="JavaSDK" />
      <version value="version 11.0.10" />
      <homePath value="$APPLICATION_HOME_DIR$/jre" />
      <roots>
        <annotationsPath>
          <root type="composite">
            <root url="jar://$APPLICATION_HOME_DIR$/plugins/java/lib/jdkAnnotations.jar!/" type="simple" />
          </root>
        </annotationsPath>
        <classPath>
          <root type="composite">
            <root url="jrt:///mnt/win/android_linux/android-studio/jre!/java.base" type="simple" />
            <root url="jrt:///mnt/win/android_linux/android-studio/jre!/java.compiler" type="simple" />
            <root url="jrt:///mnt/win/android_linux/android-studio/jre!/java.datatransfer" type="simple" />
            <root url="jrt:///mnt/win/android_linux/android-studio/jre!/java.desktop" type="simple" />
            <root url="jrt:///mnt/win/android_linux/android-studio/jre!/java.instrument" type="simple" />
            <root url="jrt:///mnt/win/android_linux/android-studio/jre!/java.logging" type="simple" />
            <root url="jrt:///mnt/win/android_linux/android-studio/jre!/java.management" type="simple" />
            <root url="jrt:///mnt/win/android_linux/android-studio/jre!/java.management.rmi" type="simple" />
            <root url="jrt:///mnt/win/android_linux/android-studio/jre!/java.naming" type="simple" />
            <root url="jrt:///mnt/win/android_linux/android-studio/jre!/java.net.http" type="simple" />
            <root url="jrt:///mnt/win/android_linux/android-studio/jre!/java.prefs" type="simple" />
            <root url="jrt:///mnt/win/android_linux/android-studio/jre!/java.rmi" type="simple" />
            <root url="jrt:///mnt/win/android_linux/android-studio/jre!/java.scripting" type="simple" />
            <root url="jrt:///mnt/win/android_linux/android-studio/jre!/java.se" type="simple" />
            <root url="jrt:///mnt/win/android_linux/android-studio/jre!/java.security.jgss" type="simple" />
            <root url="jrt:///mnt/win/android_linux/android-studio/jre!/java.security.sasl" type="simple" />
            <root url="jrt:///mnt/win/android_linux/android-studio/jre!/java.smartcardio" type="simple" />
            <root url="jrt:///mnt/win/android_linux/android-studio/jre!/java.sql" type="simple" />
            <root url="jrt:///mnt/win/android_linux/android-studio/jre!/java.sql.rowset" type="simple" />
            <root url="jrt:///mnt/win/android_linux/android-studio/jre!/java.transaction.xa" type="simple" />
            <root url="jrt:///mnt/win/android_linux/android-studio/jre!/java.xml" type="simple" />
            <root url="jrt:///mnt/win/android_linux/android-studio/jre!/java.xml.crypto" type="simple" />
            <root url="jrt:///mnt/win/android_linux/android-studio/jre!/jdk.accessibility" type="simple" />
            <root url="jrt:///mnt/win/android_linux/android-studio/jre!/jdk.aot" type="simple" />
            <root url="jrt:///mnt/win/android_linux/android-studio/jre!/jdk.attach" type="simple" />
            <root url="jrt:///mnt/win/android_linux/android-studio/jre!/jdk.charsets" type="simple" />
            <root url="jrt:///mnt/win/android_linux/android-studio/jre!/jdk.compiler" type="simple" />
            <root url="jrt:///mnt/win/android_linux/android-studio/jre!/jdk.crypto.cryptoki" type="simple" />
            <root url="jrt:///mnt/win/android_linux/android-studio/jre!/jdk.crypto.ec" type="simple" />
            <root url="jrt:///mnt/win/android_linux/android-studio/jre!/jdk.dynalink" type="simple" />
            <root url="jrt:///mnt/win/android_linux/android-studio/jre!/jdk.hotspot.agent" type="simple" />
            <root url="jrt:///mnt/win/android_linux/android-studio/jre!/jdk.httpserver" type="simple" />
            <root url="jrt:///mnt/win/android_linux/android-studio/jre!/jdk.internal.ed" type="simple" />
            <root url="jrt:///mnt/win/android_linux/android-studio/jre!/jdk.internal.jvmstat" type="simple" />
            <root url="jrt:///mnt/win/android_linux/android-studio/jre!/jdk.internal.le" type="simple" />
            <root url="jrt:///mnt/win/android_linux/android-studio/jre!/jdk.internal.opt" type="simple" />
            <root url="jrt:///mnt/win/android_linux/android-studio/jre!/jdk.internal.vm.ci" type="simple" />
            <root url="jrt:///mnt/win/android_linux/android-studio/jre!/jdk.internal.vm.compiler" type="simple" />
            <root url="jrt:///mnt/win/android_linux/android-studio/jre!/jdk.internal.vm.compiler.management" type="simple" />
            <root url="jrt:///mnt/win/android_linux/android-studio/jre!/jdk.jartool" type="simple" />
            <root url="jrt:///mnt/win/android_linux/android-studio/jre!/jdk.javadoc" type="simple" />
            <root url="jrt:///mnt/win/android_linux/android-studio/jre!/jdk.jdeps" type="simple" />
            <root url="jrt:///mnt/win/android_linux/android-studio/jre!/jdk.jdi" type="simple" />
            <root url="jrt:///mnt/win/android_linux/android-studio/jre!/jdk.jdwp.agent" type="simple" />
            <root url="jrt:///mnt/win/android_linux/android-studio/jre!/jdk.jfr" type="simple" />
            <root url="jrt:///mnt/win/android_linux/android-studio/jre!/jdk.jlink" type="simple" />
            <root url="jrt:///mnt/win/android_linux/android-studio/jre!/jdk.jsobject" type="simple" />
            <root url="jrt:///mnt/win/android_linux/android-studio/jre!/jdk.localedata" type="simple" />
            <root url="jrt:///mnt/win/android_linux/android-studio/jre!/jdk.management" type="simple" />
            <root url="jrt:///mnt/win/android_linux/android-studio/jre!/jdk.management.agent" type="simple" />
            <root url="jrt:///mnt/win/android_linux/android-studio/jre!/jdk.management.jfr" type="simple" />
            <root url="jrt:///mnt/win/android_linux/android-studio/jre!/jdk.naming.dns" type="simple" />
            <root url="jrt:///mnt/win/android_linux/android-studio/jre!/jdk.naming.rmi" type="simple" />
            <root url="jrt:///mnt/win/android_linux/android-studio/jre!/jdk.net" type="simple" />
            <root url="jrt:///mnt/win/android_linux/android-studio/jre!/jdk.pack" type="simple" />
            <root url="jrt:///mnt/win/android_linux/android-studio/jre!/jdk.scripting.nashorn" type="simple" />
            <root url="jrt:///mnt/win/android_linux/android-studio/jre!/jdk.scripting.nashorn.shell" type="simple" />
            <root url="jrt:///mnt/win/android_linux/android-studio/jre!/jdk.sctp" type="simple" />
            <root url="jrt:///mnt/win/android_linux/android-studio/jre!/jdk.security.auth" type="simple" />
            <root url="jrt:///mnt/win/android_linux/android-studio/jre!/jdk.security.jgss" type="simple" />
            <root url="jrt:///mnt/win/android_linux/android-studio/jre!/jdk.unsupported" type="simple" />
            <root url="jrt:///mnt/win/android_linux/android-studio/jre!/jdk.xml.dom" type="simple" />
            <root url="jrt:///mnt/win/android_linux/android-studio/jre!/jdk.zipfs" type="simple" />
          </root>
        </classPath>
        <javadocPath>
          <root type="composite" />
        </javadocPath>
        <sourcePath>
          <root type="composite" />
        </sourcePath>
      </roots>
      <additional />
    </jdk>
    <jdk version="2">
      <name value="1.8 (2)" />
      <type value="JavaSDK" />
      <version value="version 1.8.0_292" />
      <homePath value="/usr/lib/jvm/java-8-openjdk-amd64" />
      <roots>
        <annotationsPath>
          <root type="composite">
            <root url="jar://$APPLICATION_HOME_DIR$/plugins/java/lib/jdkAnnotations.jar!/" type="simple" />
          </root>
        </annotationsPath>
        <classPath>
          <root type="composite">
            <root url="jar:///usr/lib/jvm/java-8-openjdk-amd64/jre/lib/charsets.jar!/" type="simple" />
            <root url="jar:///usr/lib/jvm/java-8-openjdk-amd64/jre/lib/ext/cldrdata.jar!/" type="simple" />
            <root url="jar:///usr/lib/jvm/java-8-openjdk-amd64/jre/lib/ext/dnsns.jar!/" type="simple" />
            <root url="jar:///usr/lib/jvm/java-8-openjdk-amd64/jre/lib/ext/icedtea-sound.jar!/" type="simple" />
            <root url="jar:///usr/lib/jvm/java-8-openjdk-amd64/jre/lib/ext/jaccess.jar!/" type="simple" />
            <root url="jar:///usr/lib/jvm/java-8-openjdk-amd64/jre/lib/ext/java-atk-wrapper.jar!/" type="simple" />
            <root url="jar:///usr/lib/jvm/java-8-openjdk-amd64/jre/lib/ext/localedata.jar!/" type="simple" />
            <root url="jar:///usr/lib/jvm/java-8-openjdk-amd64/jre/lib/ext/nashorn.jar!/" type="simple" />
            <root url="jar:///usr/lib/jvm/java-8-openjdk-amd64/jre/lib/ext/sunec.jar!/" type="simple" />
            <root url="jar:///usr/lib/jvm/java-8-openjdk-amd64/jre/lib/ext/sunjce_provider.jar!/" type="simple" />
            <root url="jar:///usr/lib/jvm/java-8-openjdk-amd64/jre/lib/ext/sunpkcs11.jar!/" type="simple" />
            <root url="jar:///usr/lib/jvm/java-8-openjdk-amd64/jre/lib/ext/zipfs.jar!/" type="simple" />
            <root url="jar:///usr/lib/jvm/java-8-openjdk-amd64/jre/lib/jce.jar!/" type="simple" />
            <root url="jar:///usr/lib/jvm/java-8-openjdk-amd64/jre/lib/jfr.jar!/" type="simple" />
            <root url="jar:///usr/lib/jvm/java-8-openjdk-amd64/jre/lib/jsse.jar!/" type="simple" />
            <root url="jar:///usr/lib/jvm/java-8-openjdk-amd64/jre/lib/management-agent.jar!/" type="simple" />
            <root url="jar:///usr/lib/jvm/java-8-openjdk-amd64/jre/lib/resources.jar!/" type="simple" />
            <root url="jar:///usr/lib/jvm/java-8-openjdk-amd64/jre/lib/rt.jar!/" type="simple" />
          </root>
        </classPath>
        <javadocPath>
          <root type="composite" />
        </javadocPath>
        <sourcePath>
          <root type="composite" />
        </sourcePath>
      </roots>
      <additional />
    </jdk>
    <jdk version="2">
      <name value="Embedded JDK" />
      <type value="JavaSDK" />
      <version value="version 11.0.10" />
      <homePath value="$APPLICATION_HOME_DIR$/jre" />
      <roots>
        <annotationsPath>
          <root type="composite">
            <root url="jar://$APPLICATION_HOME_DIR$/plugins/java/lib/jdkAnnotations.jar!/" type="simple" />
          </root>
        </annotationsPath>
        <classPath>
          <root type="composite">
            <root url="jrt:///mnt/win/android_linux/android-studio/jre!/java.base" type="simple" />
            <root url="jrt:///mnt/win/android_linux/android-studio/jre!/java.compiler" type="simple" />
            <root url="jrt:///mnt/win/android_linux/android-studio/jre!/java.datatransfer" type="simple" />
            <root url="jrt:///mnt/win/android_linux/android-studio/jre!/java.desktop" type="simple" />
            <root url="jrt:///mnt/win/android_linux/android-studio/jre!/java.instrument" type="simple" />
            <root url="jrt:///mnt/win/android_linux/android-studio/jre!/java.logging" type="simple" />
            <root url="jrt:///mnt/win/android_linux/android-studio/jre!/java.management" type="simple" />
            <root url="jrt:///mnt/win/android_linux/android-studio/jre!/java.management.rmi" type="simple" />
            <root url="jrt:///mnt/win/android_linux/android-studio/jre!/java.naming" type="simple" />
            <root url="jrt:///mnt/win/android_linux/android-studio/jre!/java.net.http" type="simple" />
            <root url="jrt:///mnt/win/android_linux/android-studio/jre!/java.prefs" type="simple" />
            <root url="jrt:///mnt/win/android_linux/android-studio/jre!/java.rmi" type="simple" />
            <root url="jrt:///mnt/win/android_linux/android-studio/jre!/java.scripting" type="simple" />
            <root url="jrt:///mnt/win/android_linux/android-studio/jre!/java.se" type="simple" />
            <root url="jrt:///mnt/win/android_linux/android-studio/jre!/java.security.jgss" type="simple" />
            <root url="jrt:///mnt/win/android_linux/android-studio/jre!/java.security.sasl" type="simple" />
            <root url="jrt:///mnt/win/android_linux/android-studio/jre!/java.smartcardio" type="simple" />
            <root url="jrt:///mnt/win/android_linux/android-studio/jre!/java.sql" type="simple" />
            <root url="jrt:///mnt/win/android_linux/android-studio/jre!/java.sql.rowset" type="simple" />
            <root url="jrt:///mnt/win/android_linux/android-studio/jre!/java.transaction.xa" type="simple" />
            <root url="jrt:///mnt/win/android_linux/android-studio/jre!/java.xml" type="simple" />
            <root url="jrt:///mnt/win/android_linux/android-studio/jre!/java.xml.crypto" type="simple" />
            <root url="jrt:///mnt/win/android_linux/android-studio/jre!/jdk.accessibility" type="simple" />
            <root url="jrt:///mnt/win/android_linux/android-studio/jre!/jdk.aot" type="simple" />
            <root url="jrt:///mnt/win/android_linux/android-studio/jre!/jdk.attach" type="simple" />
            <root url="jrt:///mnt/win/android_linux/android-studio/jre!/jdk.charsets" type="simple" />
            <root url="jrt:///mnt/win/android_linux/android-studio/jre!/jdk.compiler" type="simple" />
            <root url="jrt:///mnt/win/android_linux/android-studio/jre!/jdk.crypto.cryptoki" type="simple" />
            <root url="jrt:///mnt/win/android_linux/android-studio/jre!/jdk.crypto.ec" type="simple" />
            <root url="jrt:///mnt/win/android_linux/android-studio/jre!/jdk.dynalink" type="simple" />
            <root url="jrt:///mnt/win/android_linux/android-studio/jre!/jdk.hotspot.agent" type="simple" />
            <root url="jrt:///mnt/win/android_linux/android-studio/jre!/jdk.httpserver" type="simple" />
            <root url="jrt:///mnt/win/android_linux/android-studio/jre!/jdk.internal.ed" type="simple" />
            <root url="jrt:///mnt/win/android_linux/android-studio/jre!/jdk.internal.jvmstat" type="simple" />
            <root url="jrt:///mnt/win/android_linux/android-studio/jre!/jdk.internal.le" type="simple" />
            <root url="jrt:///mnt/win/android_linux/android-studio/jre!/jdk.internal.opt" type="simple" />
            <root url="jrt:///mnt/win/android_linux/android-studio/jre!/jdk.internal.vm.ci" type="simple" />
            <root url="jrt:///mnt/win/android_linux/android-studio/jre!/jdk.internal.vm.compiler" type="simple" />
            <root url="jrt:///mnt/win/android_linux/android-studio/jre!/jdk.internal.vm.compiler.management" type="simple" />
            <root url="jrt:///mnt/win/android_linux/android-studio/jre!/jdk.jartool" type="simple" />
            <root url="jrt:///mnt/win/android_linux/android-studio/jre!/jdk.javadoc" type="simple" />
            <root url="jrt:///mnt/win/android_linux/android-studio/jre!/jdk.jdeps" type="simple" />
            <root url="jrt:///mnt/win/android_linux/android-studio/jre!/jdk.jdi" type="simple" />
            <root url="jrt:///mnt/win/android_linux/android-studio/jre!/jdk.jdwp.agent" type="simple" />
            <root url="jrt:///mnt/win/android_linux/android-studio/jre!/jdk.jfr" type="simple" />
            <root url="jrt:///mnt/win/android_linux/android-studio/jre!/jdk.jlink" type="simple" />
            <root url="jrt:///mnt/win/android_linux/android-studio/jre!/jdk.jsobject" type="simple" />
            <root url="jrt:///mnt/win/android_linux/android-studio/jre!/jdk.localedata" type="simple" />
            <root url="jrt:///mnt/win/android_linux/android-studio/jre!/jdk.management" type="simple" />
            <root url="jrt:///mnt/win/android_linux/android-studio/jre!/jdk.management.agent" type="simple" />
            <root url="jrt:///mnt/win/android_linux/android-studio/jre!/jdk.management.jfr" type="simple" />
            <root url="jrt:///mnt/win/android_linux/android-studio/jre!/jdk.naming.dns" type="simple" />
            <root url="jrt:///mnt/win/android_linux/android-studio/jre!/jdk.naming.rmi" type="simple" />
            <root url="jrt:///mnt/win/android_linux/android-studio/jre!/jdk.net" type="simple" />
            <root url="jrt:///mnt/win/android_linux/android-studio/jre!/jdk.pack" type="simple" />
            <root url="jrt:///mnt/win/android_linux/android-studio/jre!/jdk.scripting.nashorn" type="simple" />
            <root url="jrt:///mnt/win/android_linux/android-studio/jre!/jdk.scripting.nashorn.shell" type="simple" />
            <root url="jrt:///mnt/win/android_linux/android-studio/jre!/jdk.sctp" type="simple" />
            <root url="jrt:///mnt/win/android_linux/android-studio/jre!/jdk.security.auth" type="simple" />
            <root url="jrt:///mnt/win/android_linux/android-studio/jre!/jdk.security.jgss" type="simple" />
            <root url="jrt:///mnt/win/android_linux/android-studio/jre!/jdk.unsupported" type="simple" />
            <root url="jrt:///mnt/win/android_linux/android-studio/jre!/jdk.xml.dom" type="simple" />
            <root url="jrt:///mnt/win/android_linux/android-studio/jre!/jdk.zipfs" type="simple" />
          </root>
        </classPath>
        <javadocPath>
          <root type="composite" />
        </javadocPath>
        <sourcePath>
          <root type="composite" />
        </sourcePath>
      </roots>
      <additional />
    </jdk>
    <jdk version="2">
      <name value="Android Studio java home" />
      <type value="JavaSDK" />
      <version value="version 1.8.0_292" />
      <homePath value="/usr/lib/jvm/java-1.8.0-openjdk-amd64" />
      <roots>
        <annotationsPath>
          <root type="composite">
            <root url="jar://$APPLICATION_HOME_DIR$/plugins/java/lib/jdkAnnotations.jar!/" type="simple" />
          </root>
        </annotationsPath>
        <classPath>
          <root type="composite">
            <root url="jar:///usr/lib/jvm/java-1.8.0-openjdk-amd64/lib/dt.jar!/" type="simple" />
            <root url="jar:///usr/lib/jvm/java-1.8.0-openjdk-amd64/lib/jconsole.jar!/" type="simple" />
            <root url="jar:///usr/lib/jvm/java-1.8.0-openjdk-amd64/lib/sa-jdi.jar!/" type="simple" />
            <root url="jar:///usr/lib/jvm/java-1.8.0-openjdk-amd64/lib/tools.jar!/" type="simple" />
          </root>
        </classPath>
        <javadocPath>
          <root type="composite" />
        </javadocPath>
        <sourcePath>
          <root type="composite" />
        </sourcePath>
      </roots>
      <additional />
    </jdk>
    <jdk version="2">
      <name value="Python 3.10" />
      <type value="Python SDK" />
      <version value="Python 3.10.4" />
      <homePath value="/usr/bin/python3" />
      <roots>
        <annotationsPath>
          <root type="composite" />
        </annotationsPath>
        <classPath>
          <root type="composite">
            <root url="file:///usr/lib/python3.10" type="simple" />
            <root url="file:///usr/lib/python3.10/lib-dynload" type="simple" />
            <root url="file://$USER_HOME$/.local/lib/python3.10/site-packages" type="simple" />
            <root url="file:///usr/local/lib/python3.10/dist-packages" type="simple" />
            <root url="file:///usr/lib/python3/dist-packages" type="simple" />
            <root url="file://$USER_HOME$/.cache/JetBrains/IdeaIC2021.2/python_stubs/-2066100795" type="simple" />
            <root url="file://$APPLICATION_PLUGINS_DIR$/python-ce/helpers/python-skeletons" type="simple" />
            <root url="file://$APPLICATION_PLUGINS_DIR$/python-ce/helpers/typeshed/stdlib" type="simple" />
            <root url="file://$APPLICATION_PLUGINS_DIR$/python-ce/helpers/typeshed/stubs/jwt" type="simple" />
            <root url="file://$APPLICATION_PLUGINS_DIR$/python-ce/helpers/typeshed/stubs/six" type="simple" />
            <root url="file://$APPLICATION_PLUGINS_DIR$/python-ce/helpers/typeshed/stubs/mock" type="simple" />
            <root url="file://$APPLICATION_PLUGINS_DIR$/python-ce/helpers/typeshed/stubs/nmap" type="simple" />
            <root url="file://$APPLICATION_PLUGINS_DIR$/python-ce/helpers/typeshed/stubs/annoy" type="simple" />
            <root url="file://$APPLICATION_PLUGINS_DIR$/python-ce/helpers/typeshed/stubs/attrs" type="simple" />
            <root url="file://$APPLICATION_PLUGINS_DIR$/python-ce/helpers/typeshed/stubs/polib" type="simple" />
            <root url="file://$APPLICATION_PLUGINS_DIR$/python-ce/helpers/typeshed/stubs/retry" type="simple" />
            <root url="file://$APPLICATION_PLUGINS_DIR$/python-ce/helpers/typeshed/stubs/docopt" type="simple" />
            <root url="file://$APPLICATION_PLUGINS_DIR$/python-ce/helpers/typeshed/stubs/enum34" type="simple" />
            <root url="file://$APPLICATION_PLUGINS_DIR$/python-ce/helpers/typeshed/stubs/orjson" type="simple" />
            <root url="file://$APPLICATION_PLUGINS_DIR$/python-ce/helpers/typeshed/stubs/pysftp" type="simple" />
            <root url="file://$APPLICATION_PLUGINS_DIR$/python-ce/helpers/typeshed/stubs/xxhash" type="simple" />
            <root url="file://$APPLICATION_PLUGINS_DIR$/python-ce/helpers/typeshed/stubs/chardet" type="simple" />
            <root url="file://$APPLICATION_PLUGINS_DIR$/python-ce/helpers/typeshed/stubs/futures" type="simple" />
            <root url="file://$APPLICATION_PLUGINS_DIR$/python-ce/helpers/typeshed/stubs/pyaudio" type="simple" />
            <root url="file://$APPLICATION_PLUGINS_DIR$/python-ce/helpers/typeshed/stubs/tzlocal" type="simple" />
            <root url="file://$APPLICATION_PLUGINS_DIR$/python-ce/helpers/typeshed/stubs/Markdown" type="simple" />
            <root url="file://$APPLICATION_PLUGINS_DIR$/python-ce/helpers/typeshed/stubs/Werkzeug" type="simple" />
            <root url="file://$APPLICATION_PLUGINS_DIR$/python-ce/helpers/typeshed/stubs/aiofiles" type="simple" />
            <root url="file://$APPLICATION_PLUGINS_DIR$/python-ce/helpers/typeshed/stubs/colorama" type="simple" />
            <root url="file://$APPLICATION_PLUGINS_DIR$/python-ce/helpers/typeshed/stubs/filelock" type="simple" />
            <root url="file://$APPLICATION_PLUGINS_DIR$/python-ce/helpers/typeshed/stubs/paramiko" type="simple" />
            <root url="file://$APPLICATION_PLUGINS_DIR$/python-ce/helpers/typeshed/stubs/pathlib2" type="simple" />
            <root url="file://$APPLICATION_PLUGINS_DIR$/python-ce/helpers/typeshed/stubs/requests" type="simple" />
            <root url="file://$APPLICATION_PLUGINS_DIR$/python-ce/helpers/typeshed/stubs/waitress" type="simple" />
            <root url="file://$APPLICATION_PLUGINS_DIR$/python-ce/helpers/typeshed/stubs/freezegun" type="simple" />
            <root url="file://$APPLICATION_PLUGINS_DIR$/python-ce/helpers/typeshed/stubs/ipaddress" type="simple" />
            <root url="file://$APPLICATION_PLUGINS_DIR$/python-ce/helpers/typeshed/stubs/pyRFC3339" type="simple" />
            <root url="file://$APPLICATION_PLUGINS_DIR$/python-ce/helpers/typeshed/stubs/typed-ast" type="simple" />
            <root url="file://$APPLICATION_PLUGINS_DIR$/python-ce/helpers/typeshed/stubs/Deprecated" type="simple" />
            <root url="file://$APPLICATION_PLUGINS_DIR$/python-ce/helpers/typeshed/stubs/cachetools" type="simple" />
            <root url="file://$APPLICATION_PLUGINS_DIR$/python-ce/helpers/typeshed/stubs/frozendict" type="simple" />
            <root url="file://$APPLICATION_PLUGINS_DIR$/python-ce/helpers/typeshed/stubs/pyfarmhash" type="simple" />
            <root url="file://$APPLICATION_PLUGINS_DIR$/python-ce/helpers/typeshed/stubs/JACK-Client" type="simple" />
            <root url="file://$APPLICATION_PLUGINS_DIR$/python-ce/helpers/typeshed/stubs/contextvars" type="simple" />
            <root url="file://$APPLICATION_PLUGINS_DIR$/python-ce/helpers/typeshed/stubs/atomicwrites" type="simple" />
            <root url="file://$APPLICATION_PLUGINS_DIR$/python-ce/helpers/typeshed/stubs/cryptography" type="simple" />
            <root url="file://$APPLICATION_PLUGINS_DIR$/python-ce/helpers/typeshed/stubs/DateTimeRange" type="simple" />
            <root url="file://$APPLICATION_PLUGINS_DIR$/python-ce/helpers/typeshed/stubs/click-spinner" type="simple" />
            <root url="file://$APPLICATION_PLUGINS_DIR$/python-ce/helpers/typeshed/stubs/pkg_resources" type="simple" />
            <root url="file://$APPLICATION_PLUGINS_DIR$/python-ce/helpers/typeshed/stubs/python-gflags" type="simple" />
            <root url="file://$APPLICATION_PLUGINS_DIR$/python-ce/helpers/typeshed/stubs/python-slugify" type="simple" />
            <root url="file://$APPLICATION_PLUGINS_DIR$/python-ce/helpers/typeshed/stubs/python-dateutil" type="simple" />
          </root>
        </classPath>
        <javadocPath>
          <root type="composite" />
        </javadocPath>
        <sourcePath>
          <root type="composite" />
        </sourcePath>
      </roots>
      <additional />
    </jdk>
    <jdk version="2">
      <name value="Python 3.8" />
      <type value="Python SDK" />
      <version value="Python 3.8.10" />
      <homePath value="/usr/bin/python" />
      <roots>
        <annotationsPath>
          <root type="composite" />
        </annotationsPath>
        <classPath>
          <root type="composite" />
        </classPath>
        <javadocPath>
          <root type="composite" />
        </javadocPath>
        <sourcePath>
          <root type="composite" />
        </sourcePath>
      </roots>
      <additional />
    </jdk>
    <jdk version="2">
      <name value="azul-15" />
      <type value="JavaSDK" />
      <version value="Azul Zulu Community™ version 15.0.7" />
      <homePath value="$USER_HOME$/.jdks/azul-15.0.7" />
      <roots>
        <annotationsPath>
          <root type="composite">
            <root url="jar://$APPLICATION_HOME_DIR$/plugins/java/lib/jdkAnnotations.jar!/" type="simple" />
          </root>
        </annotationsPath>
        <classPath>
          <root type="composite">
            <root url="jrt:///home/madhavth/.jdks/azul-15.0.7!/java.base" type="simple" />
            <root url="jrt:///home/madhavth/.jdks/azul-15.0.7!/java.compiler" type="simple" />
            <root url="jrt:///home/madhavth/.jdks/azul-15.0.7!/java.datatransfer" type="simple" />
            <root url="jrt:///home/madhavth/.jdks/azul-15.0.7!/java.desktop" type="simple" />
            <root url="jrt:///home/madhavth/.jdks/azul-15.0.7!/java.instrument" type="simple" />
            <root url="jrt:///home/madhavth/.jdks/azul-15.0.7!/java.logging" type="simple" />
            <root url="jrt:///home/madhavth/.jdks/azul-15.0.7!/java.management" type="simple" />
            <root url="jrt:///home/madhavth/.jdks/azul-15.0.7!/java.management.rmi" type="simple" />
            <root url="jrt:///home/madhavth/.jdks/azul-15.0.7!/java.naming" type="simple" />
            <root url="jrt:///home/madhavth/.jdks/azul-15.0.7!/java.net.http" type="simple" />
            <root url="jrt:///home/madhavth/.jdks/azul-15.0.7!/java.prefs" type="simple" />
            <root url="jrt:///home/madhavth/.jdks/azul-15.0.7!/java.rmi" type="simple" />
            <root url="jrt:///home/madhavth/.jdks/azul-15.0.7!/java.scripting" type="simple" />
            <root url="jrt:///home/madhavth/.jdks/azul-15.0.7!/java.se" type="simple" />
            <root url="jrt:///home/madhavth/.jdks/azul-15.0.7!/java.security.jgss" type="simple" />
            <root url="jrt:///home/madhavth/.jdks/azul-15.0.7!/java.security.sasl" type="simple" />
            <root url="jrt:///home/madhavth/.jdks/azul-15.0.7!/java.smartcardio" type="simple" />
            <root url="jrt:///home/madhavth/.jdks/azul-15.0.7!/java.sql" type="simple" />
            <root url="jrt:///home/madhavth/.jdks/azul-15.0.7!/java.sql.rowset" type="simple" />
            <root url="jrt:///home/madhavth/.jdks/azul-15.0.7!/java.transaction.xa" type="simple" />
            <root url="jrt:///home/madhavth/.jdks/azul-15.0.7!/java.xml" type="simple" />
            <root url="jrt:///home/madhavth/.jdks/azul-15.0.7!/java.xml.crypto" type="simple" />
            <root url="jrt:///home/madhavth/.jdks/azul-15.0.7!/jdk.accessibility" type="simple" />
            <root url="jrt:///home/madhavth/.jdks/azul-15.0.7!/jdk.aot" type="simple" />
            <root url="jrt:///home/madhavth/.jdks/azul-15.0.7!/jdk.attach" type="simple" />
            <root url="jrt:///home/madhavth/.jdks/azul-15.0.7!/jdk.charsets" type="simple" />
            <root url="jrt:///home/madhavth/.jdks/azul-15.0.7!/jdk.compiler" type="simple" />
            <root url="jrt:///home/madhavth/.jdks/azul-15.0.7!/jdk.crypto.cryptoki" type="simple" />
            <root url="jrt:///home/madhavth/.jdks/azul-15.0.7!/jdk.crypto.ec" type="simple" />
            <root url="jrt:///home/madhavth/.jdks/azul-15.0.7!/jdk.dynalink" type="simple" />
            <root url="jrt:///home/madhavth/.jdks/azul-15.0.7!/jdk.editpad" type="simple" />
            <root url="jrt:///home/madhavth/.jdks/azul-15.0.7!/jdk.hotspot.agent" type="simple" />
            <root url="jrt:///home/madhavth/.jdks/azul-15.0.7!/jdk.httpserver" type="simple" />
            <root url="jrt:///home/madhavth/.jdks/azul-15.0.7!/jdk.incubator.foreign" type="simple" />
            <root url="jrt:///home/madhavth/.jdks/azul-15.0.7!/jdk.incubator.jpackage" type="simple" />
            <root url="jrt:///home/madhavth/.jdks/azul-15.0.7!/jdk.internal.ed" type="simple" />
            <root url="jrt:///home/madhavth/.jdks/azul-15.0.7!/jdk.internal.jvmstat" type="simple" />
            <root url="jrt:///home/madhavth/.jdks/azul-15.0.7!/jdk.internal.le" type="simple" />
            <root url="jrt:///home/madhavth/.jdks/azul-15.0.7!/jdk.internal.opt" type="simple" />
            <root url="jrt:///home/madhavth/.jdks/azul-15.0.7!/jdk.internal.vm.ci" type="simple" />
            <root url="jrt:///home/madhavth/.jdks/azul-15.0.7!/jdk.internal.vm.compiler" type="simple" />
            <root url="jrt:///home/madhavth/.jdks/azul-15.0.7!/jdk.internal.vm.compiler.management" type="simple" />
            <root url="jrt:///home/madhavth/.jdks/azul-15.0.7!/jdk.jartool" type="simple" />
            <root url="jrt:///home/madhavth/.jdks/azul-15.0.7!/jdk.javadoc" type="simple" />
            <root url="jrt:///home/madhavth/.jdks/azul-15.0.7!/jdk.jcmd" type="simple" />
            <root url="jrt:///home/madhavth/.jdks/azul-15.0.7!/jdk.jconsole" type="simple" />
            <root url="jrt:///home/madhavth/.jdks/azul-15.0.7!/jdk.jdeps" type="simple" />
            <root url="jrt:///home/madhavth/.jdks/azul-15.0.7!/jdk.jdi" type="simple" />
            <root url="jrt:///home/madhavth/.jdks/azul-15.0.7!/jdk.jdwp.agent" type="simple" />
            <root url="jrt:///home/madhavth/.jdks/azul-15.0.7!/jdk.jfr" type="simple" />
            <root url="jrt:///home/madhavth/.jdks/azul-15.0.7!/jdk.jlink" type="simple" />
            <root url="jrt:///home/madhavth/.jdks/azul-15.0.7!/jdk.jshell" type="simple" />
            <root url="jrt:///home/madhavth/.jdks/azul-15.0.7!/jdk.jsobject" type="simple" />
            <root url="jrt:///home/madhavth/.jdks/azul-15.0.7!/jdk.jstatd" type="simple" />
            <root url="jrt:///home/madhavth/.jdks/azul-15.0.7!/jdk.localedata" type="simple" />
            <root url="jrt:///home/madhavth/.jdks/azul-15.0.7!/jdk.management" type="simple" />
            <root url="jrt:///home/madhavth/.jdks/azul-15.0.7!/jdk.management.agent" type="simple" />
            <root url="jrt:///home/madhavth/.jdks/azul-15.0.7!/jdk.management.jfr" type="simple" />
            <root url="jrt:///home/madhavth/.jdks/azul-15.0.7!/jdk.naming.dns" type="simple" />
            <root url="jrt:///home/madhavth/.jdks/azul-15.0.7!/jdk.naming.rmi" type="simple" />
            <root url="jrt:///home/madhavth/.jdks/azul-15.0.7!/jdk.net" type="simple" />
            <root url="jrt:///home/madhavth/.jdks/azul-15.0.7!/jdk.nio.mapmode" type="simple" />
            <root url="jrt:///home/madhavth/.jdks/azul-15.0.7!/jdk.sctp" type="simple" />
            <root url="jrt:///home/madhavth/.jdks/azul-15.0.7!/jdk.security.auth" type="simple" />
            <root url="jrt:///home/madhavth/.jdks/azul-15.0.7!/jdk.security.jgss" type="simple" />
            <root url="jrt:///home/madhavth/.jdks/azul-15.0.7!/jdk.unsupported" type="simple" />
            <root url="jrt:///home/madhavth/.jdks/azul-15.0.7!/jdk.unsupported.desktop" type="simple" />
            <root url="jrt:///home/madhavth/.jdks/azul-15.0.7!/jdk.xml.dom" type="simple" />
            <root url="jrt:///home/madhavth/.jdks/azul-15.0.7!/jdk.zipfs" type="simple" />
          </root>
        </classPath>
        <javadocPath>
          <root type="composite" />
        </javadocPath>
        <sourcePath>
          <root type="composite">
            <root url="jar://$USER_HOME$/.jdks/azul-15.0.7/lib/src.zip!/java.se" type="simple" />
            <root url="jar://$USER_HOME$/.jdks/azul-15.0.7/lib/src.zip!/jdk.aot" type="simple" />
            <root url="jar://$USER_HOME$/.jdks/azul-15.0.7/lib/src.zip!/jdk.jdi" type="simple" />
            <root url="jar://$USER_HOME$/.jdks/azul-15.0.7/lib/src.zip!/jdk.jfr" type="simple" />
            <root url="jar://$USER_HOME$/.jdks/azul-15.0.7/lib/src.zip!/jdk.net" type="simple" />
            <root url="jar://$USER_HOME$/.jdks/azul-15.0.7/lib/src.zip!/java.rmi" type="simple" />
            <root url="jar://$USER_HOME$/.jdks/azul-15.0.7/lib/src.zip!/java.sql" type="simple" />
            <root url="jar://$USER_HOME$/.jdks/azul-15.0.7/lib/src.zip!/java.xml" type="simple" />
            <root url="jar://$USER_HOME$/.jdks/azul-15.0.7/lib/src.zip!/jdk.jcmd" type="simple" />
            <root url="jar://$USER_HOME$/.jdks/azul-15.0.7/lib/src.zip!/jdk.sctp" type="simple" />
            <root url="jar://$USER_HOME$/.jdks/azul-15.0.7/lib/src.zip!/java.base" type="simple" />
            <root url="jar://$USER_HOME$/.jdks/azul-15.0.7/lib/src.zip!/jdk.jdeps" type="simple" />
            <root url="jar://$USER_HOME$/.jdks/azul-15.0.7/lib/src.zip!/jdk.jlink" type="simple" />
            <root url="jar://$USER_HOME$/.jdks/azul-15.0.7/lib/src.zip!/jdk.zipfs" type="simple" />
            <root url="jar://$USER_HOME$/.jdks/azul-15.0.7/lib/src.zip!/java.prefs" type="simple" />
            <root url="jar://$USER_HOME$/.jdks/azul-15.0.7/lib/src.zip!/jdk.attach" type="simple" />
            <root url="jar://$USER_HOME$/.jdks/azul-15.0.7/lib/src.zip!/jdk.jshell" type="simple" />
            <root url="jar://$USER_HOME$/.jdks/azul-15.0.7/lib/src.zip!/jdk.jstatd" type="simple" />
            <root url="jar://$USER_HOME$/.jdks/azul-15.0.7/lib/src.zip!/java.naming" type="simple" />
            <root url="jar://$USER_HOME$/.jdks/azul-15.0.7/lib/src.zip!/jdk.editpad" type="simple" />
            <root url="jar://$USER_HOME$/.jdks/azul-15.0.7/lib/src.zip!/jdk.jartool" type="simple" />
            <root url="jar://$USER_HOME$/.jdks/azul-15.0.7/lib/src.zip!/jdk.javadoc" type="simple" />
            <root url="jar://$USER_HOME$/.jdks/azul-15.0.7/lib/src.zip!/jdk.xml.dom" type="simple" />
            <root url="jar://$USER_HOME$/.jdks/azul-15.0.7/lib/src.zip!/java.desktop" type="simple" />
            <root url="jar://$USER_HOME$/.jdks/azul-15.0.7/lib/src.zip!/java.logging" type="simple" />
            <root url="jar://$USER_HOME$/.jdks/azul-15.0.7/lib/src.zip!/jdk.charsets" type="simple" />
            <root url="jar://$USER_HOME$/.jdks/azul-15.0.7/lib/src.zip!/jdk.compiler" type="simple" />
            <root url="jar://$USER_HOME$/.jdks/azul-15.0.7/lib/src.zip!/jdk.dynalink" type="simple" />
            <root url="jar://$USER_HOME$/.jdks/azul-15.0.7/lib/src.zip!/jdk.jconsole" type="simple" />
            <root url="jar://$USER_HOME$/.jdks/azul-15.0.7/lib/src.zip!/jdk.jsobject" type="simple" />
            <root url="jar://$USER_HOME$/.jdks/azul-15.0.7/lib/src.zip!/java.compiler" type="simple" />
            <root url="jar://$USER_HOME$/.jdks/azul-15.0.7/lib/src.zip!/java.net.http" type="simple" />
            <root url="jar://$USER_HOME$/.jdks/azul-15.0.7/lib/src.zip!/jdk.crypto.ec" type="simple" />
            <root url="jar://$USER_HOME$/.jdks/azul-15.0.7/lib/src.zip!/java.scripting" type="simple" />
            <root url="jar://$USER_HOME$/.jdks/azul-15.0.7/lib/src.zip!/jdk.httpserver" type="simple" />
            <root url="jar://$USER_HOME$/.jdks/azul-15.0.7/lib/src.zip!/jdk.jdwp.agent" type="simple" />
            <root url="jar://$USER_HOME$/.jdks/azul-15.0.7/lib/src.zip!/jdk.localedata" type="simple" />
            <root url="jar://$USER_HOME$/.jdks/azul-15.0.7/lib/src.zip!/jdk.management" type="simple" />
            <root url="jar://$USER_HOME$/.jdks/azul-15.0.7/lib/src.zip!/jdk.naming.dns" type="simple" />
            <root url="jar://$USER_HOME$/.jdks/azul-15.0.7/lib/src.zip!/jdk.naming.rmi" type="simple" />
            <root url="jar://$USER_HOME$/.jdks/azul-15.0.7/lib/src.zip!/java.instrument" type="simple" />
            <root url="jar://$USER_HOME$/.jdks/azul-15.0.7/lib/src.zip!/java.management" type="simple" />
            <root url="jar://$USER_HOME$/.jdks/azul-15.0.7/lib/src.zip!/java.sql.rowset" type="simple" />
            <root url="jar://$USER_HOME$/.jdks/azul-15.0.7/lib/src.zip!/java.xml.crypto" type="simple" />
            <root url="jar://$USER_HOME$/.jdks/azul-15.0.7/lib/src.zip!/jdk.internal.ed" type="simple" />
            <root url="jar://$USER_HOME$/.jdks/azul-15.0.7/lib/src.zip!/jdk.internal.le" type="simple" />
            <root url="jar://$USER_HOME$/.jdks/azul-15.0.7/lib/src.zip!/jdk.nio.mapmode" type="simple" />
            <root url="jar://$USER_HOME$/.jdks/azul-15.0.7/lib/src.zip!/jdk.unsupported" type="simple" />
            <root url="jar://$USER_HOME$/.jdks/azul-15.0.7/lib/src.zip!/java.smartcardio" type="simple" />
            <root url="jar://$USER_HOME$/.jdks/azul-15.0.7/lib/src.zip!/jdk.internal.opt" type="simple" />
            <root url="jar://$USER_HOME$/.jdks/azul-15.0.7/lib/src.zip!/java.datatransfer" type="simple" />
            <root url="jar://$USER_HOME$/.jdks/azul-15.0.7/lib/src.zip!/jdk.accessibility" type="simple" />
            <root url="jar://$USER_HOME$/.jdks/azul-15.0.7/lib/src.zip!/jdk.hotspot.agent" type="simple" />
            <root url="jar://$USER_HOME$/.jdks/azul-15.0.7/lib/src.zip!/jdk.security.auth" type="simple" />
            <root url="jar://$USER_HOME$/.jdks/azul-15.0.7/lib/src.zip!/jdk.security.jgss" type="simple" />
            <root url="jar://$USER_HOME$/.jdks/azul-15.0.7/lib/src.zip!/java.security.jgss" type="simple" />
            <root url="jar://$USER_HOME$/.jdks/azul-15.0.7/lib/src.zip!/java.security.sasl" type="simple" />
            <root url="jar://$USER_HOME$/.jdks/azul-15.0.7/lib/src.zip!/jdk.internal.vm.ci" type="simple" />
            <root url="jar://$USER_HOME$/.jdks/azul-15.0.7/lib/src.zip!/jdk.management.jfr" type="simple" />
            <root url="jar://$USER_HOME$/.jdks/azul-15.0.7/lib/src.zip!/java.management.rmi" type="simple" />
            <root url="jar://$USER_HOME$/.jdks/azul-15.0.7/lib/src.zip!/java.transaction.xa" type="simple" />
            <root url="jar://$USER_HOME$/.jdks/azul-15.0.7/lib/src.zip!/jdk.crypto.cryptoki" type="simple" />
            <root url="jar://$USER_HOME$/.jdks/azul-15.0.7/lib/src.zip!/jdk.internal.jvmstat" type="simple" />
            <root url="jar://$USER_HOME$/.jdks/azul-15.0.7/lib/src.zip!/jdk.management.agent" type="simple" />
            <root url="jar://$USER_HOME$/.jdks/azul-15.0.7/lib/src.zip!/jdk.incubator.foreign" type="simple" />
            <root url="jar://$USER_HOME$/.jdks/azul-15.0.7/lib/src.zip!/jdk.incubator.jpackage" type="simple" />
            <root url="jar://$USER_HOME$/.jdks/azul-15.0.7/lib/src.zip!/jdk.unsupported.desktop" type="simple" />
            <root url="jar://$USER_HOME$/.jdks/azul-15.0.7/lib/src.zip!/jdk.internal.vm.compiler" type="simple" />
            <root url="jar://$USER_HOME$/.jdks/azul-15.0.7/lib/src.zip!/jdk.internal.vm.compiler.management" type="simple" />
          </root>
        </sourcePath>
      </roots>
      <additional />
    </jdk>
  </component>
</application>