<application>
  <component name="ProjectJdkTable">
    <jdk version="2">
      <name value="Kotlin SDK" />
      <type value="KotlinSDK" />
      <version value="1.2.30" />
      <homePath value="D:\Program Files\Android\Android Studio\plugins\Kotlin\kotlinc" />
      <roots>
        <annotationsPath>
          <root type="composite" />
        </annotationsPath>
        <classPath>
          <root type="composite" />
        </classPath>
        <javadocPath>
          <root type="composite" />
        </javadocPath>
        <sourcePath>
          <root type="composite" />
        </sourcePath>
      </roots>
      <additional />
    </jdk>
    <jdk version="2">
      <name value="1.8" />
      <type value="JavaSDK" />
      <version value="java version &quot;1.8.0_292&quot;" />
      <homePath value="/usr/lib/jvm/java-1.8.0-openjdk-amd64" />
      <roots>
        <annotationsPath>
          <root type="composite">
            <root url="jar://$APPLICATION_HOME_DIR$/plugins/java/lib/jdkAnnotations.jar!/" type="simple" />
          </root>
        </annotationsPath>
        <classPath>
          <root type="composite">
            <root url="jar:///usr/lib/jvm/java-1.8.0-openjdk-amd64/jre/lib/charsets.jar!/" type="simple" />
            <root url="jar:///usr/lib/jvm/java-1.8.0-openjdk-amd64/jre/lib/ext/cldrdata.jar!/" type="simple" />
            <root url="jar:///usr/lib/jvm/java-1.8.0-openjdk-amd64/jre/lib/ext/dnsns.jar!/" type="simple" />
            <root url="jar:///usr/lib/jvm/java-1.8.0-openjdk-amd64/jre/lib/ext/icedtea-sound.jar!/" type="simple" />
            <root url="jar:///usr/lib/jvm/java-1.8.0-openjdk-amd64/jre/lib/ext/jaccess.jar!/" type="simple" />
            <root url="jar:///usr/lib/jvm/java-1.8.0-openjdk-amd64/jre/lib/ext/java-atk-wrapper.jar!/" type="simple" />
            <root url="jar:///usr/lib/jvm/java-1.8.0-openjdk-amd64/jre/lib/ext/localedata.jar!/" type="simple" />
            <root url="jar:///usr/lib/jvm/java-1.8.0-openjdk-amd64/jre/lib/ext/nashorn.jar!/" type="simple" />
            <root url="jar:///usr/lib/jvm/java-1.8.0-openjdk-amd64/jre/lib/ext/sunec.jar!/" type="simple" />
            <root url="jar:///usr/lib/jvm/java-1.8.0-openjdk-amd64/jre/lib/ext/sunjce_provider.jar!/" type="simple" />
            <root url="jar:///usr/lib/jvm/java-1.8.0-openjdk-amd64/jre/lib/ext/sunpkcs11.jar!/" type="simple" />
            <root url="jar:///usr/lib/jvm/java-1.8.0-openjdk-amd64/jre/lib/ext/zipfs.jar!/" type="simple" />
            <root url="jar:///usr/lib/jvm/java-1.8.0-openjdk-amd64/jre/lib/jce.jar!/" type="simple" />
            <root url="jar:///usr/lib/jvm/java-1.8.0-openjdk-amd64/jre/lib/jfr.jar!/" type="simple" />
            <root url="jar:///usr/lib/jvm/java-1.8.0-openjdk-amd64/jre/lib/jsse.jar!/" type="simple" />
            <root url="jar:///usr/lib/jvm/java-1.8.0-openjdk-amd64/jre/lib/management-agent.jar!/" type="simple" />
            <root url="jar:///usr/lib/jvm/java-1.8.0-openjdk-amd64/jre/lib/resources.jar!/" type="simple" />
            <root url="jar:///usr/lib/jvm/java-1.8.0-openjdk-amd64/jre/lib/rt.jar!/" type="simple" />
            <root url="jar://$APPLICATION_HOME_DIR$/jre/jre/lib/charsets.jar!/" type="simple" />
            <root url="jar://$APPLICATION_HOME_DIR$/jre/jre/lib/ext/cldrdata.jar!/" type="simple" />
            <root url="jar://$APPLICATION_HOME_DIR$/jre/jre/lib/ext/dnsns.jar!/" type="simple" />
            <root url="jar://$APPLICATION_HOME_DIR$/jre/jre/lib/ext/jaccess.jar!/" type="simple" />
            <root url="jar://$APPLICATION_HOME_DIR$/jre/jre/lib/ext/localedata.jar!/" type="simple" />
            <root url="jar://$APPLICATION_HOME_DIR$/jre/jre/lib/ext/nashorn.jar!/" type="simple" />
            <root url="jar://$APPLICATION_HOME_DIR$/jre/jre/lib/ext/sunec.jar!/" type="simple" />
            <root url="jar://$APPLICATION_HOME_DIR$/jre/jre/lib/ext/sunjce_provider.jar!/" type="simple" />
            <root url="jar://$APPLICATION_HOME_DIR$/jre/jre/lib/ext/sunpkcs11.jar!/" type="simple" />
            <root url="jar://$APPLICATION_HOME_DIR$/jre/jre/lib/ext/zipfs.jar!/" type="simple" />
            <root url="jar://$APPLICATION_HOME_DIR$/jre/jre/lib/jce.jar!/" type="simple" />
            <root url="jar://$APPLICATION_HOME_DIR$/jre/jre/lib/jsse.jar!/" type="simple" />
            <root url="jar://$APPLICATION_HOME_DIR$/jre/jre/lib/management-agent.jar!/" type="simple" />
            <root url="jar://$APPLICATION_HOME_DIR$/jre/jre/lib/resources.jar!/" type="simple" />
            <root url="jar://$APPLICATION_HOME_DIR$/jre/jre/lib/rt.jar!/" type="simple" />
          </root>
        </classPath>
        <javadocPath>
          <root type="composite">
            <root url="https://docs.oracle.com/javase/8/docs/api/" type="simple" />
          </root>
        </javadocPath>
        <sourcePath>
          <root type="composite" />
        </sourcePath>
      </roots>
      <additional />
    </jdk>
    <jdk version="2">
      <name value="Android API 29 Platform" />
      <type value="Android SDK" />
      <version value="java version &quot;1.8.0_242&quot;" />
      <homePath value="/mnt/win/android_linux/Sdk" />
      <roots>
        <annotationsPath>
          <root type="composite">
            <root url="jar:///mnt/win/android_linux/Sdk/platforms/android-29/data/annotations.zip!/" type="simple" />
          </root>
        </annotationsPath>
        <classPath>
          <root type="composite">
            <root url="jar:///mnt/win/android_linux/Sdk/platforms/android-29/android.jar!/" type="simple" />
            <root url="file:///mnt/win/android_linux/Sdk/platforms/android-29/data/res" type="simple" />
          </root>
        </classPath>
        <javadocPath>
          <root type="composite" />
        </javadocPath>
        <sourcePath>
          <root type="composite">
            <root url="file:///mnt/win/android_linux/Sdk/sources/android-29" type="simple" />
          </root>
        </sourcePath>
      </roots>
      <additional jdk="1.8" sdk="android-29" />
    </jdk>
    <jdk version="2">
      <name value="Android API 30 Platform" />
      <type value="Android SDK" />
      <version value="java version &quot;1.8.0_242&quot;" />
      <homePath value="/mnt/win/android_linux/Sdk" />
      <roots>
        <annotationsPath>
          <root type="composite">
            <root url="jar:///mnt/win/android_linux/Sdk/platforms/android-30/data/annotations.zip!/" type="simple" />
          </root>
        </annotationsPath>
        <classPath>
          <root type="composite">
            <root url="jar:///mnt/win/android_linux/Sdk/platforms/android-30/android.jar!/" type="simple" />
            <root url="file:///mnt/win/android_linux/Sdk/platforms/android-30/data/res" type="simple" />
          </root>
        </classPath>
        <javadocPath>
          <root type="composite" />
        </javadocPath>
        <sourcePath>
          <root type="composite">
            <root url="file:///mnt/win/android_linux/Sdk/sources/android-30" type="simple" />
          </root>
        </sourcePath>
      </roots>
      <additional jdk="1.8" sdk="android-30" />
    </jdk>
    <jdk version="2">
      <name value="Android API 28 Platform" />
      <type value="Android SDK" />
      <version value="java version &quot;1.8.0_242&quot;" />
      <homePath value="/mnt/win/android_linux/Sdk" />
      <roots>
        <annotationsPath>
          <root type="composite">
            <root url="jar:///mnt/win/android_linux/Sdk/platforms/android-28/data/annotations.zip!/" type="simple" />
          </root>
        </annotationsPath>
        <classPath>
          <root type="composite">
            <root url="jar:///mnt/win/android_linux/Sdk/platforms/android-28/android.jar!/" type="simple" />
            <root url="file:///mnt/win/android_linux/Sdk/platforms/android-28/data/res" type="simple" />
          </root>
        </classPath>
        <javadocPath>
          <root type="composite">
            <root url="http://developer.android.com/reference/" type="simple" />
          </root>
        </javadocPath>
        <sourcePath>
          <root type="composite" />
        </sourcePath>
      </roots>
      <additional jdk="1.8" sdk="android-28" />
    </jdk>
    <jdk version="2">
      <name value="11" />
      <type value="JavaSDK" />
      <version value="java version &quot;11.0.8&quot;" />
      <homePath value="$APPLICATION_HOME_DIR$/jre" />
      <roots>
        <annotationsPath>
          <root type="composite">
            <root url="jar://$APPLICATION_HOME_DIR$/plugins/java/lib/jdkAnnotations.jar!/" type="simple" />
          </root>
        </annotationsPath>
        <classPath>
          <root type="composite">
            <root url="jrt:///mnt/win/android_linux/android-studio/jre!/java.base" type="simple" />
            <root url="jrt:///mnt/win/android_linux/android-studio/jre!/java.compiler" type="simple" />
            <root url="jrt:///mnt/win/android_linux/android-studio/jre!/java.datatransfer" type="simple" />
            <root url="jrt:///mnt/win/android_linux/android-studio/jre!/java.desktop" type="simple" />
            <root url="jrt:///mnt/win/android_linux/android-studio/jre!/java.instrument" type="simple" />
            <root url="jrt:///mnt/win/android_linux/android-studio/jre!/java.logging" type="simple" />
            <root url="jrt:///mnt/win/android_linux/android-studio/jre!/java.management" type="simple" />
            <root url="jrt:///mnt/win/android_linux/android-studio/jre!/java.management.rmi" type="simple" />
            <root url="jrt:///mnt/win/android_linux/android-studio/jre!/java.naming" type="simple" />
            <root url="jrt:///mnt/win/android_linux/android-studio/jre!/java.net.http" type="simple" />
            <root url="jrt:///mnt/win/android_linux/android-studio/jre!/java.prefs" type="simple" />
            <root url="jrt:///mnt/win/android_linux/android-studio/jre!/java.rmi" type="simple" />
            <root url="jrt:///mnt/win/android_linux/android-studio/jre!/java.scripting" type="simple" />
            <root url="jrt:///mnt/win/android_linux/android-studio/jre!/java.se" type="simple" />
            <root url="jrt:///mnt/win/android_linux/android-studio/jre!/java.security.jgss" type="simple" />
            <root url="jrt:///mnt/win/android_linux/android-studio/jre!/java.security.sasl" type="simple" />
            <root url="jrt:///mnt/win/android_linux/android-studio/jre!/java.smartcardio" type="simple" />
            <root url="jrt:///mnt/win/android_linux/android-studio/jre!/java.sql" type="simple" />
            <root url="jrt:///mnt/win/android_linux/android-studio/jre!/java.sql.rowset" type="simple" />
            <root url="jrt:///mnt/win/android_linux/android-studio/jre!/java.transaction.xa" type="simple" />
            <root url="jrt:///mnt/win/android_linux/android-studio/jre!/java.xml" type="simple" />
            <root url="jrt:///mnt/win/android_linux/android-studio/jre!/java.xml.crypto" type="simple" />
            <root url="jrt:///mnt/win/android_linux/android-studio/jre!/jdk.accessibility" type="simple" />
            <root url="jrt:///mnt/win/android_linux/android-studio/jre!/jdk.aot" type="simple" />
            <root url="jrt:///mnt/win/android_linux/android-studio/jre!/jdk.attach" type="simple" />
            <root url="jrt:///mnt/win/android_linux/android-studio/jre!/jdk.charsets" type="simple" />
            <root url="jrt:///mnt/win/android_linux/android-studio/jre!/jdk.compiler" type="simple" />
            <root url="jrt:///mnt/win/android_linux/android-studio/jre!/jdk.crypto.cryptoki" type="simple" />
            <root url="jrt:///mnt/win/android_linux/android-studio/jre!/jdk.crypto.ec" type="simple" />
            <root url="jrt:///mnt/win/android_linux/android-studio/jre!/jdk.dynalink" type="simple" />
            <root url="jrt:///mnt/win/android_linux/android-studio/jre!/jdk.hotspot.agent" type="simple" />
            <root url="jrt:///mnt/win/android_linux/android-studio/jre!/jdk.httpserver" type="simple" />
            <root url="jrt:///mnt/win/android_linux/android-studio/jre!/jdk.internal.ed" type="simple" />
            <root url="jrt:///mnt/win/android_linux/android-studio/jre!/jdk.internal.jvmstat" type="simple" />
            <root url="jrt:///mnt/win/android_linux/android-studio/jre!/jdk.internal.le" type="simple" />
            <root url="jrt:///mnt/win/android_linux/android-studio/jre!/jdk.internal.vm.ci" type="simple" />
            <root url="jrt:///mnt/win/android_linux/android-studio/jre!/jdk.internal.vm.compiler" type="simple" />
            <root url="jrt:///mnt/win/android_linux/android-studio/jre!/jdk.internal.vm.compiler.management" type="simple" />
            <root url="jrt:///mnt/win/android_linux/android-studio/jre!/jdk.javadoc" type="simple" />
            <root url="jrt:///mnt/win/android_linux/android-studio/jre!/jdk.jdi" type="simple" />
            <root url="jrt:///mnt/win/android_linux/android-studio/jre!/jdk.jdwp.agent" type="simple" />
            <root url="jrt:///mnt/win/android_linux/android-studio/jre!/jdk.jfr" type="simple" />
            <root url="jrt:///mnt/win/android_linux/android-studio/jre!/jdk.jsobject" type="simple" />
            <root url="jrt:///mnt/win/android_linux/android-studio/jre!/jdk.localedata" type="simple" />
            <root url="jrt:///mnt/win/android_linux/android-studio/jre!/jdk.management" type="simple" />
            <root url="jrt:///mnt/win/android_linux/android-studio/jre!/jdk.management.agent" type="simple" />
            <root url="jrt:///mnt/win/android_linux/android-studio/jre!/jdk.management.jfr" type="simple" />
            <root url="jrt:///mnt/win/android_linux/android-studio/jre!/jdk.naming.dns" type="simple" />
            <root url="jrt:///mnt/win/android_linux/android-studio/jre!/jdk.naming.rmi" type="simple" />
            <root url="jrt:///mnt/win/android_linux/android-studio/jre!/jdk.net" type="simple" />
            <root url="jrt:///mnt/win/android_linux/android-studio/jre!/jdk.pack" type="simple" />
            <root url="jrt:///mnt/win/android_linux/android-studio/jre!/jdk.scripting.nashorn" type="simple" />
            <root url="jrt:///mnt/win/android_linux/android-studio/jre!/jdk.scripting.nashorn.shell" type="simple" />
            <root url="jrt:///mnt/win/android_linux/android-studio/jre!/jdk.sctp" type="simple" />
            <root url="jrt:///mnt/win/android_linux/android-studio/jre!/jdk.security.auth" type="simple" />
            <root url="jrt:///mnt/win/android_linux/android-studio/jre!/jdk.security.jgss" type="simple" />
            <root url="jrt:///mnt/win/android_linux/android-studio/jre!/jdk.unsupported" type="simple" />
            <root url="jrt:///mnt/win/android_linux/android-studio/jre!/jdk.xml.dom" type="simple" />
            <root url="jrt:///mnt/win/android_linux/android-studio/jre!/jdk.zipfs" type="simple" />
          </root>
        </classPath>
        <javadocPath>
          <root type="composite">
            <root url="https://docs.oracle.com/en/java/javase/11/docs/api/" type="simple" />
          </root>
        </javadocPath>
        <sourcePath>
          <root type="composite" />
        </sourcePath>
      </roots>
      <additional />
    </jdk>
    <jdk version="2">
      <name value="1.8 (2)" />
      <type value="JavaSDK" />
      <version value="java version &quot;1.8.0_292&quot;" />
      <homePath value="/usr/lib/jvm/java-8-openjdk-amd64" />
      <roots>
        <annotationsPath>
          <root type="composite">
            <root url="jar://$APPLICATION_HOME_DIR$/plugins/java/lib/jdkAnnotations.jar!/" type="simple" />
          </root>
        </annotationsPath>
        <classPath>
          <root type="composite">
            <root url="jar:///usr/lib/jvm/java-8-openjdk-amd64/jre/lib/charsets.jar!/" type="simple" />
            <root url="jar:///usr/lib/jvm/java-8-openjdk-amd64/jre/lib/ext/cldrdata.jar!/" type="simple" />
            <root url="jar:///usr/lib/jvm/java-8-openjdk-amd64/jre/lib/ext/dnsns.jar!/" type="simple" />
            <root url="jar:///usr/lib/jvm/java-8-openjdk-amd64/jre/lib/ext/icedtea-sound.jar!/" type="simple" />
            <root url="jar:///usr/lib/jvm/java-8-openjdk-amd64/jre/lib/ext/jaccess.jar!/" type="simple" />
            <root url="jar:///usr/lib/jvm/java-8-openjdk-amd64/jre/lib/ext/java-atk-wrapper.jar!/" type="simple" />
            <root url="jar:///usr/lib/jvm/java-8-openjdk-amd64/jre/lib/ext/localedata.jar!/" type="simple" />
            <root url="jar:///usr/lib/jvm/java-8-openjdk-amd64/jre/lib/ext/nashorn.jar!/" type="simple" />
            <root url="jar:///usr/lib/jvm/java-8-openjdk-amd64/jre/lib/ext/sunec.jar!/" type="simple" />
            <root url="jar:///usr/lib/jvm/java-8-openjdk-amd64/jre/lib/ext/sunjce_provider.jar!/" type="simple" />
            <root url="jar:///usr/lib/jvm/java-8-openjdk-amd64/jre/lib/ext/sunpkcs11.jar!/" type="simple" />
            <root url="jar:///usr/lib/jvm/java-8-openjdk-amd64/jre/lib/ext/zipfs.jar!/" type="simple" />
            <root url="jar:///usr/lib/jvm/java-8-openjdk-amd64/jre/lib/jce.jar!/" type="simple" />
            <root url="jar:///usr/lib/jvm/java-8-openjdk-amd64/jre/lib/jfr.jar!/" type="simple" />
            <root url="jar:///usr/lib/jvm/java-8-openjdk-amd64/jre/lib/jsse.jar!/" type="simple" />
            <root url="jar:///usr/lib/jvm/java-8-openjdk-amd64/jre/lib/management-agent.jar!/" type="simple" />
            <root url="jar:///usr/lib/jvm/java-8-openjdk-amd64/jre/lib/resources.jar!/" type="simple" />
            <root url="jar:///usr/lib/jvm/java-8-openjdk-amd64/jre/lib/rt.jar!/" type="simple" />
          </root>
        </classPath>
        <javadocPath>
          <root type="composite">
            <root url="https://docs.oracle.com/javase/8/docs/api/" type="simple" />
          </root>
        </javadocPath>
        <sourcePath>
          <root type="composite" />
        </sourcePath>
      </roots>
      <additional />
    </jdk>
  </component>
</application>