<application>
  <component name="UpdatesConfigurable">
    <enabledExternalComponentSources>
      <item value="Android SDK" />
    </enabledExternalComponentSources>
    <option name="externalUpdateChannels">
      <map>
        <entry key="Android SDK" value="Stable Channel" />
      </map>
    </option>
    <ignoredBuildNumbers>
      <item value="platforms;android-30#2" />
      <item value="system-images;android-30;google_apis;x86#6" />
      <item value="platform-tools#30.0.4" />
      <item value="platforms;android-29#5" />
      <item value="system-images;android-30;google_apis;x86#7" />
      <item value="platforms;android-30#3" />
      <item value="emulator#30.1.5" />
      <item value="system-images;android-30;google_apis;x86#8" />
    </ignoredBuildNumbers>
    <knownExternalComponentSources>
      <item value="Android SDK" />
    </knownExternalComponentSources>
    <option name="LAST_BUILD_CHECKED" value="AI-202.7660.26.42.7351085" />
    <option name="LAST_TIME_CHECKED" value="1621699469274" />
    <option name="THIRD_PARTY_PLUGINS_ALLOWED" value="true" />
  </component>
</application>